Registration No.,,,,017-1211-0679-21
017-1211-0679-21,,,,017-1211-0682-21
017-1211-0682-21,,,,017-1211-0684-21
017-1211-0684-21,,,,017-1211-0685-21
017-1211-0685-21,,,,017-1211-0687-21
017-1211-0687-21,,,,017-1211-0688-21
017-1211-0688-21,,,,017-1211-0689-21
017-1211-0689-21,,,,017-1211-0691-21
017-1211-0691-21,,,,017-1211-0692-21
017-1211-0692-21,,,,017-1211-0693-21
017-1211-0693-21,,,,017-1211-0694-21
017-1211-0694-21,,,,017-1211-0695-21
017-1211-0695-21,,,,017-1211-0699-21
017-1211-0699-21,,,,017-1211-0705-21
017-1211-0705-21,,,,017-1211-0706-21
017-1211-0706-21,,,,017-1211-0707-21
017-1211-0707-21,,,,017-1211-0708-21
017-1211-0708-21,,,,017-1211-0709-21
017-1211-0709-21,,,,017-1211-0710-21
017-1211-0710-21,,,,017-1211-0713-21
017-1211-0713-21,,,,017-1211-0714-21
017-1211-0714-21,,,,017-1211-0716-21
017-1211-0716-21,,,,017-1211-0717-21
017-1211-0717-21,,,,017-1211-0718-21
017-1211-0718-21,,,,017-1211-0720-21
017-1211-0720-21,,,,017-1211-0723-21
017-1211-0723-21,,,,017-1211-0739-21
017-1211-0739-21,,,,017-1211-0740-21
017-1211-0740-21,,,,017-1211-0744-21
017-1211-0744-21,,,,017-1211-0765-21
017-1211-0765-21,,,,017-1211-0767-21
017-1211-0767-21,,,,017-1211-0768-21
017-1211-0768-21,,,,017-1211-0782-21
017-1211-0782-21,,,,017-1211-0788-21
017-1211-0788-21,,,,017-1211-0794-21
017-1211-0794-21,,,,017-1211-0799-21
017-1211-0799-21,,,,017-1211-0808-21
017-1211-0808-21,,,,017-1211-0811-21
017-1211-0811-21,,,,017-1211-0812-21
017-1211-0812-21,,,,017-1211-0816-21
017-1211-0816-21,,,,017-1211-0820-21
017-1211-0820-21,,,,017-1211-0823-21
017-1211-0823-21,,,,017-1211-0827-21
017-1211-0827-21,,,,017-1211-0829-21
017-1211-0829-21,,,,017-1211-0831-21
017-1211-0831-21,,,,017-1211-0835-21
017-1211-0835-21,,,,017-1211-0839-21
017-1211-0839-21,,,,017-1211-0845-21
017-1211-0845-21,,,,017-1211-0846-21
017-1211-0846-21,,,,017-1211-0848-21
017-1211-0848-21,,,,017-1211-0852-21
017-1211-0852-21,,,,017-1211-0863-21
017-1211-0863-21,,,,017-1211-0867-21
017-1211-0867-21,,,,017-1211-0868-21
017-1211-0868-21,,,,017-1211-0869-21
017-1211-0869-21,,,,017-1211-0879-21
017-1211-0879-21,,,,017-1211-0885-21
017-1211-0885-21,,,,017-1211-0886-21
017-1211-0886-21,,,,017-1211-0894-21
017-1211-0894-21,,,,017-1211-0898-21
017-1211-0898-21,,,,017-1211-0899-21
017-1211-0899-21,,,,017-1211-0902-21
017-1211-0902-21,,,,017-1211-0905-21
017-1211-0905-21,,,,017-1211-0911-21
017-1211-0911-21,,,,017-1211-0912-21
017-1211-0912-21,,,,017-1211-0915-21
017-1211-0915-21,,,,017-1211-0917-21
017-1211-0917-21,,,,017-1211-0920-21
017-1211-0920-21,,,,017-1211-0923-21
017-1211-0923-21,,,,017-1211-0924-21
017-1211-0924-21,,,,017-1211-0932-21
017-1211-0932-21,,,,017-1211-0933-21
017-1211-0933-21,,,,017-1211-0934-21
017-1211-0934-21,,,,017-1211-0935-21
017-1211-0935-21,,,,017-1211-0936-21
017-1211-0936-21,,,,017-1211-0938-21
017-1211-0938-21,,,,017-1211-0939-21
017-1211-0939-21,,,,017-1211-0940-21
017-1211-0940-21,,,,017-1211-0942-21
017-1211-0942-21,,,,017-1211-0944-21
017-1211-0944-21,,,,017-1211-0946-21
017-1211-0946-21,,,,017-1211-0950-21
017-1211-0950-21,,,,017-1211-0952-21
017-1211-0952-21,,,,017-1211-0953-21
017-1211-0953-21,,,,017-1211-0961-21
017-1211-0961-21,,,,017-1211-0962-21
017-1211-0962-21,,,,017-1211-0966-21
017-1211-0966-21,,,,017-1211-0967-21
017-1211-0967-21,,,,017-1211-0972-21
017-1211-0972-21,,,,017-1211-0973-21
017-1211-0973-21,,,,017-1211-0976-21
017-1211-0976-21,,,,017-1211-0983-21
017-1211-0983-21,,,,017-1211-0984-21
017-1211-0984-21,,,,017-1211-0988-21
017-1211-0988-21,,,,017-1211-0990-21
017-1211-0990-21,,,,017-1211-0991-21
017-1211-0991-21,,,,017-1211-0992-21
017-1211-0992-21,,,,017-1211-0993-21
017-1211-0993-21,,,,017-1211-0994-21
017-1211-0994-21,,,,017-1211-1000-21
017-1211-1000-21,,,,017-1211-1005-21
017-1211-1005-21,,,,017-1211-1007-21
017-1211-1007-21,,,,017-1211-1008-21
017-1211-1008-21,,,,017-1211-1009-21
017-1211-1009-21,,,,017-1211-1012-21
017-1211-1012-21,,,,017-1211-1019-21
017-1211-1019-21,,,,017-1211-1023-21
017-1211-1023-21,,,,017-1211-1024-21
017-1211-1024-21,,,,017-1211-1026-21
017-1211-1026-21,,,,017-1211-1027-21
017-1211-1027-21,,,,017-1211-1029-21
017-1211-1029-21,,,,017-1211-1030-21
017-1211-1030-21,,,,017-1211-1031-21
017-1211-1031-21,,,,017-1211-1036-21
017-1211-1036-21,,,,017-1211-1042-21
017-1211-1042-21,,,,017-1211-1044-21
017-1211-1044-21,,,,017-1211-1047-21
017-1211-1047-21,,,,017-1211-1049-21
017-1211-1049-21,,,,017-1211-1054-21
017-1211-1054-21,,,,017-1211-1055-21
017-1211-1055-21,,,,017-1211-1056-21
017-1211-1056-21,,,,017-1211-1057-21
017-1211-1057-21,,,,017-1211-1060-21
017-1211-1060-21,,,,017-1211-1065-21
017-1211-1065-21,,,,017-1211-1067-21
017-1211-1067-21,,,,017-1211-1074-21
017-1211-1074-21,,,,017-1211-1076-21
017-1211-1076-21,,,,017-1211-1077-21
017-1211-1077-21,,,,017-1211-1078-21
017-1211-1078-21,,,,017-1211-1079-21
017-1211-1079-21,,,,017-1211-1093-21
017-1211-1093-21,,,,017-1211-1095-21
017-1211-1095-21,,,,017-1211-1096-21
017-1211-1096-21,,,,017-1211-1102-21
017-1211-1102-21,,,,017-1211-1104-21
017-1211-1104-21,,,,017-1211-1105-21
017-1211-1105-21,,,,017-1211-1106-21
017-1211-1106-21,,,,017-1211-1108-21
017-1211-1108-21,,,,017-1211-1111-21
017-1211-1111-21,,,,017-1211-1112-21
017-1211-1112-21,,,,017-1211-1113-21
017-1211-1113-21,,,,017-1211-1116-21
017-1211-1116-21,,,,017-1211-1118-21
017-1211-1118-21,,,,017-1211-1121-21
017-1211-1121-21,,,,017-1211-1123-21
017-1211-1123-21,,,,017-1211-1128-21
017-1211-1128-21,,,,017-1211-1135-21
017-1211-1135-21,,,,017-1211-1136-21
017-1211-1136-21,,,,017-1211-1137-21
017-1211-1137-21,,,,017-1211-1140-21
017-1211-1140-21,,,,017-1211-1141-21
017-1211-1141-21,,,,017-1211-1143-21
017-1211-1143-21,,,,017-1211-1144-21
017-1211-1144-21,,,,017-1211-1149-21
017-1211-1149-21,,,,017-1211-1153-21
017-1211-1153-21,,,,017-1211-1155-21
017-1211-1155-21,,,,017-1211-1159-21
017-1211-1159-21,,,,017-1211-1161-21
017-1211-1161-21,,,,017-1211-1162-21
017-1211-1162-21,,,,017-1211-1163-21
017-1211-1163-21,,,,017-1211-1165-21
017-1211-1165-21,,,,017-1211-1166-21
017-1211-1166-21,,,,017-1211-1168-21
017-1211-1168-21,,,,017-1211-1169-21
017-1211-1169-21,,,,017-1211-1171-21
017-1211-1171-21,,,,017-1211-1173-21
017-1211-1173-21,,,,017-1211-1183-21
017-1211-1183-21,,,,017-1211-1186-21
017-1211-1186-21,,,,017-1211-1187-21
017-1211-1187-21,,,,017-1211-1199-21
017-1211-1199-21,,,,017-1211-1203-21
017-1211-1203-21,,,,017-1211-1204-21
017-1211-1204-21,,,,017-1211-1207-21
017-1211-1207-21,,,,017-1211-1208-21
017-1211-1208-21,,,,017-1211-1209-21
017-1211-1209-21,,,,017-1211-1214-21
017-1211-1214-21,,,,017-1211-1217-21
017-1211-1217-21,,,,017-1211-1219-21
017-1211-1219-21,,,,017-1211-1220-21
017-1211-1220-21,,,,017-1211-1222-21
017-1211-1222-21,,,,017-1211-1228-21
017-1211-1228-21,,,,017-1211-1233-21
017-1211-1233-21,,,,017-1211-1234-21
017-1211-1234-21,,,,017-1211-1237-21
017-1211-1237-21,,,,017-1211-1239-21
017-1211-1239-21,,,,017-1211-1246-21
017-1211-1246-21,,,,017-1211-1251-21
017-1211-1251-21,,,,017-1211-1252-21
017-1211-1252-21,,,,017-1211-1256-21
017-1211-1256-21,,,,017-1211-1258-21
017-1211-1258-21,,,,017-1211-1260-21
017-1211-1260-21,,,,017-1211-1262-21
017-1211-1262-21,,,,017-1211-1263-21
017-1211-1263-21,,,,017-1211-1268-21
017-1211-1268-21,,,,017-1211-1271-21
017-1211-1271-21,,,,017-1211-1274-21
017-1211-1274-21,,,,017-1211-1278-21
017-1211-1278-21,,,,017-1211-1281-21
017-1211-1281-21,,,,017-1211-1288-21
017-1211-1288-21,,,,017-1211-1295-21
017-1211-1295-21,,,,017-1211-1296-21
017-1211-1296-21,,,,017-1211-1298-21
017-1211-1298-21,,,,017-1211-1300-21
017-1211-1300-21,,,,017-1211-1303-21
017-1211-1303-21,,,,017-1211-1304-21
017-1211-1304-21,,,,017-1211-1310-21
017-1211-1310-21,,,,017-1211-1311-21
017-1211-1311-21,,,,017-1211-1313-21
017-1211-1313-21,,,,017-1211-1323-21
017-1211-1323-21,,,,017-1211-1326-21
017-1211-1326-21,,,,017-1211-1327-21
017-1211-1327-21,,,,017-1211-1332-21
017-1211-1332-21,,,,017-1211-1335-21
017-1211-1335-21,,,,017-1211-1336-21
017-1211-1336-21,,,,017-1211-1337-21
017-1211-1337-21,,,,017-1211-1338-21
017-1211-1338-21,,,,017-1211-1339-21
017-1211-1339-21,,,,017-1211-1343-21
017-1211-1343-21,,,,017-1211-1350-21
017-1211-1350-21,,,,017-1211-1353-21
017-1211-1353-21,,,,017-1211-1354-21
017-1211-1354-21,,,,017-1211-1356-21
017-1211-1356-21,,,,017-1211-1359-21
017-1211-1359-21,,,,017-1211-1367-21
017-1211-1367-21,,,,017-1211-1368-21
017-1211-1368-21,,,,017-1211-1376-21
017-1211-1376-21,,,,017-1211-1381-21
017-1211-1381-21,,,,017-1211-1382-21
017-1211-1382-21,,,,017-1211-1384-21
017-1211-1384-21,,,,017-1211-1385-21
017-1211-1385-21,,,,017-1211-1386-21
017-1211-1386-21,,,,017-1211-1388-21
017-1211-1388-21,,,,017-1211-1391-21
017-1211-1391-21,,,,017-1211-1400-21
017-1211-1400-21,,,,017-1211-1402-21
017-1211-1402-21,,,,017-1211-1403-21
017-1211-1403-21,,,,017-1211-1408-21
017-1211-1408-21,,,,017-1211-1409-21
017-1211-1409-21,,,,017-1211-1411-21
017-1211-1411-21,,,,017-1211-1412-21
017-1211-1412-21,,,,017-1211-1414-21
017-1211-1414-21,,,,017-1211-1423-21
017-1211-1423-21,,,,017-1211-1428-21
017-1211-1428-21,,,,017-1211-1429-21
017-1211-1429-21,,,,017-1211-1430-21
017-1211-1430-21,,,,017-1211-1431-21
017-1211-1431-21,,,,017-1211-1435-21
017-1211-1435-21,,,,017-1211-1440-21
017-1211-1440-21,,,,017-1211-1441-21
017-1211-1441-21,,,,017-1211-1442-21
017-1211-1442-21,,,,017-1211-1445-21
017-1211-1445-21,,,,017-1211-1448-21
017-1211-1448-21,,,,017-1211-1453-21
017-1211-1453-21,,,,017-1211-1461-21
017-1211-1461-21,,,,017-1211-1463-21
017-1211-1463-21,,,,017-1211-1464-21
017-1211-1464-21,,,,017-1211-1465-21
017-1211-1465-21,,,,017-1211-1472-21
017-1211-1472-21,,,,017-1211-1476-21
017-1211-1476-21,,,,017-1211-1477-21
017-1211-1477-21,,,,017-1211-1479-21
017-1211-1479-21,,,,017-1211-1481-21
017-1211-1481-21,,,,017-1211-1483-21
017-1211-1483-21,,,,017-1211-1485-21
017-1211-1485-21,,,,017-1211-1487-21
017-1211-1487-21,,,,017-1211-1489-21
017-1211-1489-21,,,,017-1211-1490-21
017-1211-1490-21,,,,017-1211-1491-21
017-1211-1491-21,,,,017-1211-1493-21
017-1211-1493-21,,,,017-1211-1495-21
017-1211-1495-21,,,,017-1211-1496-21
017-1211-1496-21,,,,017-1211-1499-21
017-1211-1499-21,,,,017-1211-1500-21
017-1211-1500-21,,,,017-1211-1505-21
017-1211-1505-21,,,,017-1211-1507-21
017-1211-1507-21,,,,017-1211-1510-21
017-1211-1510-21,,,,017-1211-1512-21
017-1211-1512-21,,,,017-1211-1513-21
017-1211-1513-21,,,,017-1211-1515-21
017-1211-1515-21,,,,017-1211-1520-21
017-1211-1520-21,,,,017-1211-1522-21
017-1211-1522-21,,,,017-1211-1523-21
017-1211-1523-21,,,,017-1211-1525-21
017-1211-1525-21,,,,017-1211-1527-21
017-1211-1527-21,,,,017-1211-1529-21
017-1211-1529-21,,,,017-1211-1531-21
017-1211-1531-21,,,,017-1211-1532-21
017-1211-1532-21,,,,017-1211-1534-21
017-1211-1534-21,,,,017-1211-1540-21
017-1211-1540-21,,,,017-1211-1547-21
017-1211-1547-21,,,,017-1211-1548-21
017-1211-1548-21,,,,017-1211-1550-21
017-1211-1550-21,,,,017-1211-1553-21
017-1211-1553-21,,,,017-1211-1554-21
017-1211-1554-21,,,,017-1211-1557-21
017-1211-1557-21,,,,017-1211-1558-21
017-1211-1558-21,,,,017-1211-1563-21
017-1211-1563-21,,,,017-1211-1568-21
017-1211-1568-21,,,,017-1211-1576-21
017-1211-1576-21,,,,017-1211-1579-21
017-1211-1579-21,,,,017-1211-1582-21
017-1211-1582-21,,,,017-1211-1583-21
017-1211-1583-21,,,,017-1211-1588-21
017-1211-1588-21,,,,017-1211-1589-21
017-1211-1589-21,,,,017-1211-1590-21
017-1211-1590-21,,,,017-1211-1591-21
017-1211-1591-21,,,,017-1211-1594-21
017-1211-1594-21,,,,017-1211-1595-21
017-1211-1595-21,,,,017-1211-1599-21
017-1211-1599-21,,,,017-1211-1605-21
017-1211-1605-21,,,,017-1211-1606-21
017-1211-1606-21,,,,017-1211-1607-21
017-1211-1607-21,,,,017-1211-1616-21
017-1211-1616-21,,,,017-1211-1619-21
017-1211-1619-21,,,,017-1211-1620-21
017-1211-1620-21,,,,017-1211-1623-21
017-1211-1623-21,,,,017-1211-1629-21
017-1211-1629-21,,,,017-1211-1632-21
017-1211-1632-21,,,,017-1211-1639-21
017-1211-1639-21,,,,017-1211-1651-21
017-1211-1651-21,,,,017-1211-1654-21
017-1211-1654-21,,,,017-1211-1655-21
017-1211-1655-21,,,,017-1211-1659-21
017-1211-1659-21,,,,017-1211-1661-21
017-1211-1661-21,,,,017-1211-1664-21
017-1211-1664-21,,,,017-1211-1672-21
017-1211-1672-21,,,,017-1211-1675-21
017-1211-1675-21,,,,017-1211-1676-21
017-1211-1676-21,,,,017-1211-1682-21
017-1211-1682-21,,,,017-1211-1683-21
017-1211-1683-21,,,,017-1211-1684-21
017-1211-1684-21,,,,017-1211-1687-21
017-1211-1687-21,,,,017-1211-1690-21
017-1211-1690-21,,,,017-1211-1694-21
017-1211-1694-21,,,,017-1211-1708-21
017-1211-1708-21,,,,017-1211-1712-21
017-1211-1712-21,,,,017-1211-1716-21
017-1211-1716-21,,,,017-1211-1720-21
017-1211-1720-21,,,,017-1211-1721-21
017-1211-1721-21,,,,017-1211-1725-21
017-1211-1725-21,,,,017-1211-1729-21
017-1211-1729-21,,,,017-1211-1730-21
017-1211-1730-21,,,,017-1211-1733-21
017-1211-1733-21,,,,017-1211-1734-21
017-1211-1734-21,,,,017-1211-1748-21
017-1211-1748-21,,,,017-1211-1751-21
017-1211-1751-21,,,,017-1211-1754-21
017-1211-1754-21,,,,017-1211-1759-21
017-1211-1759-21,,,,017-1211-1766-21
017-1211-1766-21,,,,017-1211-1767-21
017-1211-1767-21,,,,017-1211-1769-21
017-1211-1769-21,,,,017-1211-1772-21
017-1211-1772-21,,,,017-1211-1773-21
017-1211-1773-21,,,,017-1211-1777-21
017-1211-1777-21,,,,017-1211-1778-21
017-1211-1778-21,,,,017-1211-1779-21
017-1211-1779-21,,,,017-1211-1781-21
017-1211-1781-21,,,,017-1211-1790-21
017-1211-1790-21,,,,017-1211-1795-21
017-1211-1795-21,,,,017-1211-1800-21
017-1211-1800-21,,,,017-1211-1803-21
017-1211-1803-21,,,,017-1211-1805-21
017-1211-1805-21,,,,017-1211-1806-21
017-1211-1806-21,,,,017-1211-1807-21
017-1211-1807-21,,,,017-1211-1811-21
017-1211-1811-21,,,,017-1211-1812-21
017-1211-1812-21,,,,017-1211-1821-21
017-1211-1821-21,,,,017-1211-1825-21
017-1211-1825-21,,,,017-1211-1832-21
017-1211-1832-21,,,,017-1211-1833-21
017-1211-1833-21,,,,017-1211-1837-21
017-1211-1837-21,,,,017-1211-1840-21
017-1211-1840-21,,,,017-1211-1843-21
017-1211-1843-21,,,,017-1211-1850-21
017-1211-1850-21,,,,017-1211-1853-21
017-1211-1853-21,,,,017-1211-1855-21
017-1211-1855-21,,,,017-1211-1859-21
017-1211-1859-21,,,,017-1211-1860-21
017-1211-1860-21,,,,017-1211-1863-21
017-1211-1863-21,,,,017-1211-1864-21
017-1211-1864-21,,,,017-1211-1865-21
017-1211-1865-21,,,,017-1211-1866-21
017-1211-1866-21,,,,017-1211-1868-21
017-1211-1868-21,,,,017-1211-1870-21
017-1211-1870-21,,,,017-1211-1876-21
017-1211-1876-21,,,,017-1211-1880-21
017-1211-1880-21,,,,017-1211-1882-21
017-1211-1882-21,,,,017-1211-1892-21
017-1211-1892-21,,,,017-1211-1895-21
017-1211-1895-21,,,,017-1211-1898-21
017-1211-1898-21,,,,017-1211-1899-21
017-1211-1899-21,,,,017-1211-1901-21
017-1211-1901-21,,,,017-1211-1903-21
017-1211-1903-21,,,,017-1211-1904-21
017-1211-1904-21,,,,017-1211-1922-21
017-1211-1922-21,,,,017-1211-1924-21
017-1211-1924-21,,,,017-1211-1928-21
017-1211-1928-21,,,,017-1211-1933-21
017-1211-1933-21,,,,017-1211-1934-21
017-1211-1934-21,,,,017-1211-1936-21
017-1211-1936-21,,,,017-1211-1937-21
017-1211-1937-21,,,,017-1211-1943-21
017-1211-1943-21,,,,017-1211-1945-21
017-1211-1945-21,,,,017-1211-1948-21
017-1211-1948-21,,,,017-1211-1949-21
017-1211-1949-21,,,,017-1211-1951-21
017-1211-1951-21,,,,017-1211-1953-21
017-1211-1953-21,,,,017-1211-1954-21
017-1211-1954-21,,,,017-1211-1955-21
017-1211-1955-21,,,,017-1211-1957-21
017-1211-1957-21,,,,017-1211-1958-21
017-1211-1958-21,,,,017-1211-1959-21
017-1211-1959-21,,,,017-1211-1963-21
017-1211-1963-21,,,,017-1211-1965-21
017-1211-1965-21,,,,017-1211-1968-21
017-1211-1968-21,,,,017-1211-1970-21
017-1211-1970-21,,,,017-1211-1977-21
017-1211-1977-21,,,,017-1211-1982-21
017-1211-1982-21,,,,017-1211-1983-21
017-1211-1983-21,,,,017-1211-1990-21
017-1211-1990-21,,,,017-1211-1991-21
017-1211-1991-21,,,,017-1211-1992-21
017-1211-1992-21,,,,017-1211-1993-21
017-1211-1993-21,,,,017-1211-1997-21
017-1211-1997-21,,,,017-1211-1998-21
017-1211-1998-21,,,,017-1211-1999-21
017-1211-1999-21,,,,017-1211-2000-21
017-1211-2000-21,,,,017-1211-2001-21
017-1211-2001-21,,,,017-1211-2009-21
017-1211-2009-21,,,,017-1211-2023-21
017-1211-2023-21,,,,017-1211-2026-21
017-1211-2026-21,,,,017-1211-2030-21
017-1211-2030-21,,,,017-1211-2037-21
017-1211-2037-21,,,,017-1211-2039-21
017-1211-2039-21,,,,017-1211-2043-21
017-1211-2043-21,,,,017-1211-2059-21
017-1211-2059-21,,,,017-1211-2067-21
017-1211-2067-21,,,,017-1211-2070-21
017-1211-2070-21,,,,017-1211-2072-21
017-1211-2072-21,,,,017-1211-2078-21
017-1211-2078-21,,,,017-1211-2080-21
017-1211-2080-21,,,,017-1211-2081-21
017-1211-2081-21,,,,017-1211-2082-21
017-1211-2082-21,,,,017-1211-2084-21
017-1211-2084-21,,,,017-1211-2085-21
017-1211-2085-21,,,,017-1211-2086-21
017-1211-2086-21,,,,017-1211-2090-21
017-1211-2090-21,,,,017-1211-2094-21
017-1211-2094-21,,,,017-1211-2095-21
017-1211-2095-21,,,,017-1211-2098-21
017-1211-2098-21,,,,017-1211-2104-21
017-1211-2104-21,,,,017-1211-2105-21
017-1211-2105-21,,,,017-1211-2106-21
017-1211-2106-21,,,,017-1211-2112-21
017-1211-2112-21,,,,017-1211-2118-21
017-1211-2118-21,,,,017-1211-2123-21
017-1211-2123-21,,,,017-1211-2125-21
017-1211-2125-21,,,,017-1211-2129-21
017-1211-2129-21,,,,017-1211-2130-21
017-1211-2130-21,,,,017-1211-2135-21
017-1211-2135-21,,,,017-1211-2137-21
017-1211-2137-21,,,,017-1211-2140-21
017-1211-2140-21,,,,017-1211-2141-21
017-1211-2141-21,,,,017-1211-2142-21
017-1211-2142-21,,,,017-1211-2147-21
017-1211-2147-21,,,,017-1211-2153-21
017-1211-2153-21,,,,017-1211-2155-21
017-1211-2155-21,,,,017-1211-2157-21
017-1211-2157-21,,,,017-1211-2159-21
017-1211-2159-21,,,,017-1211-2165-21
017-1211-2165-21,,,,017-1211-2166-21
017-1211-2166-21,,,,017-1211-2169-21
017-1211-2169-21,,,,017-1211-2170-21
017-1211-2170-21,,,,017-1211-2172-21
017-1211-2172-21,,,,017-1211-2174-21
017-1211-2174-21,,,,017-1211-2182-21
017-1211-2182-21,,,,017-1211-2183-21
017-1211-2183-21,,,,017-1211-2188-21
017-1211-2188-21,,,,017-1211-2189-21
017-1211-2189-21,,,,017-1211-2190-21
017-1211-2190-21,,,,017-1211-2192-21
017-1211-2192-21,,,,017-1211-2193-21
017-1211-2193-21,,,,017-1211-2195-21
017-1211-2195-21,,,,017-1211-2202-21
017-1211-2202-21,,,,017-1211-2203-21
017-1211-2203-21,,,,017-1211-2205-21
017-1211-2205-21,,,,017-1211-2211-21
017-1211-2211-21,,,,017-1211-2214-21
017-1211-2214-21,,,,017-1211-2215-21
017-1211-2215-21,,,,017-1211-2219-21
017-1211-2219-21,,,,017-1211-2220-21
017-1211-2220-21,,,,017-1211-2224-21
017-1211-2224-21,,,,017-1211-2225-21
017-1211-2225-21,,,,017-1211-2234-21
017-1211-2234-21,,,,017-1211-2238-21
017-1211-2238-21,,,,017-1211-2242-21
017-1211-2242-21,,,,017-1211-2244-21
017-1211-2244-21,,,,017-1211-2246-21
017-1211-2246-21,,,,017-1211-2247-21
017-1211-2247-21,,,,017-1211-2248-21
017-1211-2248-21,,,,017-1211-2250-21
017-1211-2250-21,,,,017-1211-2252-21
017-1211-2252-21,,,,017-1211-2256-21
017-1211-2256-21,,,,017-1211-2257-21
017-1211-2257-21,,,,017-1211-2259-21
017-1211-2259-21,,,,017-1211-2260-21
017-1211-2260-21,,,,017-1211-2261-21
017-1211-2261-21,,,,017-1211-2269-21
017-1211-2269-21,,,,017-1211-2275-21
017-1211-2275-21,,,,017-1211-2276-21
017-1211-2276-21,,,,017-1211-2277-21
017-1211-2277-21,,,,017-1211-2284-21
017-1211-2284-21,,,,017-1211-2290-21
017-1211-2290-21,,,,017-1211-2297-21
017-1211-2297-21,,,,017-1211-2301-21
017-1211-2301-21,,,,017-1211-2304-21
017-1211-2304-21,,,,017-1211-2305-21
017-1211-2305-21,,,,017-1211-2310-21
017-1211-2310-21,,,,017-1211-2325-21
017-1211-2325-21,,,,017-1211-2326-21
017-1211-2326-21,,,,017-1211-2328-21
017-1211-2328-21,,,,017-1211-2330-21
017-1211-2330-21,,,,017-1211-2334-21
017-1211-2334-21,,,,017-1211-2341-21
017-1211-2341-21,,,,017-1211-2345-21
017-1211-2345-21,,,,017-1211-2353-21
017-1211-2353-21,,,,017-1211-2355-21
017-1211-2355-21,,,,017-1211-2362-21
017-1211-2362-21,,,,017-1211-2369-21
017-1211-2369-21,,,,017-1211-2382-21
017-1211-2382-21,,,,017-1211-2390-21
017-1211-2390-21,,,,017-1211-2392-21
017-1211-2392-21,,,,017-1211-2398-21
017-1211-2398-21,,,,017-1211-2404-21
017-1211-2404-21,,,,017-1211-2406-21
017-1211-2406-21,,,,017-1211-2407-21
017-1211-2407-21,,,,017-1211-2408-21
017-1211-2408-21,,,,017-1211-2410-21
017-1211-2410-21,,,,017-1211-2411-21
017-1211-2411-21,,,,017-1211-2415-21
017-1211-2415-21,,,,017-1211-2417-21
017-1211-2417-21,,,,017-1211-2419-21
017-1211-2419-21,,,,017-1211-2420-21
017-1211-2420-21,,,,017-1211-2430-21
017-1211-2430-21,,,,017-1211-2436-21
017-1211-2436-21,,,,017-1211-2437-21
017-1211-2437-21,,,,017-1211-2438-21
017-1211-2438-21,,,,017-1211-2440-21
017-1211-2440-21,,,,017-1211-2443-21
017-1211-2443-21,,,,017-1211-2444-21
017-1211-2444-21,,,,017-1211-2452-21
017-1211-2452-21,,,,017-1211-2460-21
017-1211-2460-21,,,,017-1211-2463-21
017-1211-2463-21,,,,017-1211-2465-21
017-1211-2465-21,,,,017-1211-2467-21
017-1211-2467-21,,,,017-1211-2476-21
017-1211-2476-21,,,,017-1211-2484-21
017-1211-2484-21,,,,017-1211-2489-21
017-1211-2489-21,,,,017-1211-2494-21
017-1211-2494-21,,,,017-1211-2495-21
017-1211-2495-21,,,,017-1211-2500-21
017-1211-2500-21,,,,017-1211-2504-21
017-1211-2504-21,,,,017-1211-2510-21
017-1211-2510-21,,,,017-1211-2512-21
017-1211-2512-21,,,,017-1211-2513-21
017-1211-2513-21,,,,017-1211-2520-21
017-1211-2520-21,,,,017-1211-2522-21
017-1211-2522-21,,,,017-1211-2524-21
017-1211-2524-21,,,,017-1211-2529-21
017-1211-2529-21,,,,017-1211-2532-21
017-1211-2532-21,,,,017-1211-2533-21
017-1211-2533-21,,,,017-1211-2534-21
017-1211-2534-21,,,,017-1211-2542-21
017-1211-2542-21,,,,017-1211-2545-21
017-1211-2545-21,,,,017-1211-2549-21
017-1211-2549-21,,,,017-1211-2553-21
017-1211-2553-21,,,,017-1211-2562-21
017-1211-2562-21,,,,017-1211-2564-21
017-1211-2564-21,,,,017-1211-2565-21
017-1211-2565-21,,,,017-1211-2567-21
017-1211-2567-21,,,,017-1211-2577-21
017-1211-2577-21,,,,017-1211-2580-21
017-1211-2580-21,,,,017-1211-2581-21
017-1211-2581-21,,,,017-1211-2590-21
017-1211-2590-21,,,,017-1211-2591-21
017-1211-2591-21,,,,017-1211-2592-21
017-1211-2592-21,,,,017-1211-2593-21
017-1211-2593-21,,,,017-1211-2594-21
017-1211-2594-21,,,,017-1211-2603-21
017-1211-2603-21,,,,017-1211-2607-21
017-1211-2607-21,,,,017-1211-2609-21
017-1211-2609-21,,,,017-1211-2610-21
017-1211-2610-21,,,,017-1211-2612-21
017-1211-2612-21,,,,017-1211-2619-21
017-1211-2619-21,,,,017-1211-2620-21
017-1211-2620-21,,,,017-1211-2621-21
017-1211-2621-21,,,,017-1211-2623-21
017-1211-2623-21,,,,017-1211-2636-21
017-1211-2636-21,,,,017-1211-2638-21
017-1211-2638-21,,,,017-1211-2642-21
017-1211-2642-21,,,,017-1211-2644-21
017-1211-2644-21,,,,017-1211-2650-21
017-1211-2650-21,,,,017-1211-2653-21
017-1211-2653-21,,,,017-1211-2656-21
017-1211-2656-21,,,,017-1211-2661-21
017-1211-2661-21,,,,017-1211-2663-21
017-1211-2663-21,,,,017-1211-2664-21
017-1211-2664-21,,,,017-1211-2677-21
017-1211-2677-21,,,,017-1211-2678-21
017-1211-2678-21,,,,017-1211-2680-21
017-1211-2680-21,,,,017-1211-2681-21
017-1211-2681-21,,,,017-1211-2687-21
017-1211-2687-21,,,,017-1211-2690-21
017-1211-2690-21,,,,017-1211-2691-21
017-1211-2691-21,,,,017-1211-2692-21
017-1211-2692-21,,,,017-1211-2695-21
017-1211-2695-21,,,,017-1211-2700-21
017-1211-2700-21,,,,017-1211-2704-21
017-1211-2704-21,,,,017-1211-2718-21
017-1211-2718-21,,,,017-1211-2720-21
017-1211-2720-21,,,,017-1211-2722-21
017-1211-2722-21,,,,017-1211-2723-21
017-1211-2723-21,,,,017-1211-2735-21
017-1211-2735-21,,,,017-1211-2747-21
017-1211-2747-21,,,,017-1211-2749-21
017-1211-2749-21,,,,017-1211-2750-21
017-1211-2750-21,,,,017-1211-2756-21
017-1211-2756-21,,,,017-1211-2757-21
017-1211-2757-21,,,,017-1211-2758-21
017-1211-2758-21,,,,017-1211-2760-21
017-1211-2760-21,,,,017-1211-2761-21
017-1211-2761-21,,,,017-1211-2766-21
017-1211-2766-21,,,,017-1211-2767-21
017-1211-2767-21,,,,017-1211-2774-21
017-1211-2774-21,,,,017-1211-2785-21
017-1211-2785-21,,,,017-1211-2786-21
017-1211-2786-21,,,,017-1211-2788-21
017-1211-2788-21,,,,017-1211-2794-21
017-1211-2794-21,,,,017-1211-2801-21
017-1211-2801-21,,,,017-1211-2803-21
017-1211-2803-21,,,,017-1211-2804-21
017-1211-2804-21,,,,017-1211-2814-21
017-1211-2814-21,,,,017-1211-2815-21
017-1211-2815-21,,,,017-1211-2817-21
017-1211-2817-21,,,,017-1211-2820-21
017-1211-2820-21,,,,017-1211-2827-21
017-1211-2827-21,,,,017-1211-2832-21
017-1211-2832-21,,,,017-1211-2835-21
017-1211-2835-21,,,,017-1211-2837-21
017-1211-2837-21,,,,017-1211-2841-21
017-1211-2841-21,,,,017-1211-2846-21
017-1211-2846-21,,,,017-1211-2850-21
017-1211-2850-21,,,,017-1211-2852-21
017-1211-2852-21,,,,017-1211-2853-21
017-1211-2853-21,,,,017-1211-2854-21
017-1211-2854-21,,,,017-1211-2859-21
017-1211-2859-21,,,,017-1211-2868-21
017-1211-2868-21,,,,017-1211-2869-21
017-1211-2869-21,,,,017-1211-2883-21
017-1211-2883-21,,,,017-1211-2887-21
017-1211-2887-21,,,,017-1211-2889-21
017-1211-2889-21,,,,017-1211-2890-21
017-1211-2890-21,,,,017-1211-2893-21
017-1211-2893-21,,,,017-1211-2901-21
017-1211-2901-21,,,,017-1211-2902-21
017-1211-2902-21,,,,017-1211-2904-21
017-1211-2904-21,,,,017-1211-2914-21
017-1211-2914-21,,,,017-1211-2917-21
017-1211-2917-21,,,,017-1211-2918-21
017-1211-2918-21,,,,017-1211-2919-21
017-1211-2919-21,,,,017-1211-2922-21
017-1211-2922-21,,,,017-1211-2925-21
017-1211-2925-21,,,,017-1211-2927-21
017-1211-2927-21,,,,017-1211-2928-21
017-1211-2928-21,,,,017-1211-2935-21
017-1211-2935-21,,,,017-1211-2936-21
017-1211-2936-21,,,,017-1211-2937-21
017-1211-2937-21,,,,017-1211-2938-21
017-1211-2938-21,,,,017-1211-2941-21
017-1211-2941-21,,,,017-1211-2944-21
017-1211-2944-21,,,,017-1211-2948-21
017-1211-2948-21,,,,017-1211-2950-21
017-1211-2950-21,,,,017-1211-2952-21
017-1211-2952-21,,,,017-1211-2954-21
017-1211-2954-21,,,,017-1211-2959-21
017-1211-2959-21,,,,017-1211-2963-21
017-1211-2963-21,,,,017-1211-2966-21
017-1211-2966-21,,,,017-1211-2968-21
017-1211-2968-21,,,,017-1211-2969-21
017-1211-2969-21,,,,017-1211-2974-21
017-1211-2974-21,,,,017-1211-2979-21
017-1211-2979-21,,,,017-1211-2980-21
017-1211-2980-21,,,,017-1211-2986-21
017-1211-2986-21,,,,017-1211-2988-21
017-1211-2988-21,,,,017-1211-2995-21
017-1211-2995-21,,,,017-1211-2998-21
017-1211-2998-21,,,,017-1211-3000-21
017-1211-3000-21,,,,017-1211-3002-21
017-1211-3002-21,,,,017-1211-3004-21
017-1211-3004-21,,,,017-1211-3013-21
017-1211-3013-21,,,,017-1211-3019-21
017-1211-3019-21,,,,017-1211-3020-21
017-1211-3020-21,,,,017-1211-3027-21
017-1211-3027-21,,,,017-1211-3031-21
017-1211-3031-21,,,,017-1211-3034-21
017-1211-3034-21,,,,017-1211-3035-21
017-1211-3035-21,,,,017-1211-3039-21
017-1211-3039-21,,,,017-1211-3040-21
017-1211-3040-21,,,,017-1211-3041-21
017-1211-3041-21,,,,017-1211-3042-21
017-1211-3042-21,,,,017-1211-3055-21
017-1211-3055-21,,,,017-1211-3056-21
017-1211-3056-21,,,,017-1211-3060-21
017-1211-3060-21,,,,017-1211-3061-21
017-1211-3061-21,,,,017-1211-3063-21
017-1211-3063-21,,,,017-1211-3066-21
017-1211-3066-21,,,,017-1211-3068-21
017-1211-3068-21,,,,017-1211-3073-21
017-1211-3073-21,,,,017-1211-3074-21
017-1211-3074-21,,,,017-1211-3075-21
017-1211-3075-21,,,,017-1211-3088-21
017-1211-3088-21,,,,017-1211-3090-21
017-1211-3090-21,,,,017-1211-3102-21
017-1211-3102-21,,,,017-1211-3105-21
017-1211-3105-21,,,,017-1211-3111-21
017-1211-3111-21,,,,017-1211-3112-21
017-1211-3112-21,,,,017-1211-3114-21
017-1211-3114-21,,,,017-1211-3121-21
017-1211-3121-21,,,,017-1211-3125-21
017-1211-3125-21,,,,017-1211-3133-21
017-1211-3133-21,,,,017-1211-3134-21
017-1211-3134-21,,,,017-1211-3135-21
017-1211-3135-21,,,,017-1211-3137-21
017-1211-3137-21,,,,017-1211-3144-21
017-1211-3144-21,,,,017-1211-3147-21
017-1211-3147-21,,,,017-1211-3150-21
017-1211-3150-21,,,,017-1211-3151-21
017-1211-3151-21,,,,017-1211-3161-21
017-1211-3161-21,,,,017-1211-3162-21
017-1211-3162-21,,,,017-1211-3166-21
017-1211-3166-21,,,,017-1211-3167-21
017-1211-3167-21,,,,017-1211-3170-21
017-1211-3170-21,,,,017-1211-3171-21
017-1211-3171-21,,,,017-1211-3173-21
017-1211-3173-21,,,,017-1211-3181-21
017-1211-3181-21,,,,017-1211-3182-21
017-1211-3182-21,,,,017-1211-3193-21
017-1211-3193-21,,,,017-1211-3200-21
017-1211-3200-21,,,,017-1211-3203-21
017-1211-3203-21,,,,017-1211-3211-21
017-1211-3211-21,,,,017-1211-3213-21
017-1211-3213-21,,,,017-1211-3219-21
017-1211-3219-21,,,,017-1211-3221-21
017-1211-3221-21,,,,017-1211-3231-21
017-1211-3231-21,,,,017-1211-3233-21
017-1211-3233-21,,,,017-1211-3236-21
017-1211-3236-21,,,,017-1211-3244-21
017-1211-3244-21,,,,017-1211-3249-21
017-1211-3249-21,,,,017-1211-3252-21
017-1211-3252-21,,,,017-1211-3257-21
017-1211-3257-21,,,,017-1211-3259-21
017-1211-3259-21,,,,017-1211-3262-21
017-1211-3262-21,,,,017-1211-3270-21
017-1211-3270-21,,,,017-1211-3276-21
017-1211-3276-21,,,,017-1211-3278-21
017-1211-3278-21,,,,017-1211-3280-21
017-1211-3280-21,,,,017-1211-3281-21
017-1211-3281-21,,,,017-1211-3289-21
017-1211-3289-21,,,,017-1211-3292-21
017-1211-3292-21,,,,017-1211-3296-21
017-1211-3296-21,,,,017-1211-3298-21
017-1211-3298-21,,,,017-1211-3301-21
017-1211-3301-21,,,,017-1211-3302-21
017-1211-3302-21,,,,017-1211-3305-21
017-1211-3305-21,,,,017-1211-3308-21
017-1211-3308-21,,,,017-1211-3310-21
017-1211-3310-21,,,,017-1211-3326-21
017-1211-3326-21,,,,017-1211-3327-21
017-1211-3327-21,,,,017-1211-3330-21
017-1211-3330-21,,,,017-1211-3335-21
017-1211-3335-21,,,,017-1211-3339-21
017-1211-3339-21,,,,017-1211-3345-21
017-1211-3345-21,,,,017-1211-3352-21
017-1211-3352-21,,,,017-1211-3363-21
017-1211-3363-21,,,,017-1211-3372-21
017-1211-3372-21,,,,017-1211-3379-21
017-1211-3379-21,,,,017-1211-3387-21
017-1211-3387-21,,,,017-1211-3402-21
017-1211-3402-21,,,,017-1211-3403-21
017-1211-3403-21,,,,017-1211-3409-21
017-1211-3409-21,,,,017-1211-3412-21
017-1211-3412-21,,,,017-1211-3416-21
017-1211-3416-21,,,,017-1211-3424-21
017-1211-3424-21,,,,017-1211-3432-21
017-1211-3432-21,,,,017-1211-3433-21
017-1211-3433-21,,,,017-1211-3434-21
017-1211-3434-21,,,,017-1211-3435-21
017-1211-3435-21,,,,017-1211-3436-21
017-1211-3436-21,,,,017-1211-3437-21
017-1211-3437-21,,,,017-1211-3442-21
017-1211-3442-21,,,,017-1211-3461-21
017-1211-3461-21,,,,017-1211-3462-21
017-1211-3462-21,,,,017-1211-3463-21
017-1211-3463-21,,,,017-1211-3479-21
017-1211-3479-21,,,,017-1212-0712-21
017-1212-0712-21,,,,017-1212-0802-21
017-1212-0802-21,,,,017-1212-0926-21
017-1212-0926-21,,,,017-1212-1071-21
017-1212-1071-21,,,,017-1212-1120-21
017-1212-1120-21,,,,017-1212-1449-21
017-1212-1449-21,,,,017-1212-1625-21
017-1212-1625-21,,,,017-1212-2016-21
017-1212-2016-21,,,,017-1212-2034-21
017-1212-2034-21,,,,017-1212-2466-21
017-1212-2466-21,,,,017-1212-2905-21
017-1212-2905-21,,,,017-1212-3385-21
017-1212-3385-21,,,,017-1213-1813-21
017-1213-1813-21,,,,017-1213-2062-21
017-1213-2062-21,,,,017-1214-0686-21
017-1214-0686-21,,,,017-1214-0855-21
017-1214-0855-21,,,,017-1214-1980-21
017-1214-1980-21,,,,017-1215-0702-21
017-1215-0702-21,,,,017-1215-2158-21
017-1215-2158-21,,,,017-1215-3286-21
017-1215-3286-21,,,,017-1215-3344-21
017-1215-3344-21,,,,017-1241-3355-21
017-1241-3355-21,,,,017-2211-1542-21
017-2211-1542-21,,,,017-2211-3108-21
017-2211-3108-21,,,,017-1211-3728-21
017-1211-3728-21,,,,017-1211-3733-21
017-1211-3733-21,,,,017-1211-3736-21
017-1211-3736-21,,,,017-1211-3738-21
017-1211-3738-21,,,,017-1211-3760-21
017-1211-3760-21,,,,017-1211-3767-21
017-1211-3767-21,,,,017-1211-3778-21
017-1211-3778-21,,,,017-1211-3787-21
017-1211-3787-21,,,,017-1211-3794-21
017-1211-3794-21,,,,017-1211-3795-21
017-1211-3795-21,,,,017-1211-3796-21
017-1211-3796-21,,,,017-1211-3814-21
017-1211-3814-21,,,,017-1211-3828-21
017-1211-3828-21,,,,017-1211-3848-21
017-1211-3848-21,,,,017-1211-3857-21
017-1211-3857-21,,,,017-1211-3858-21
017-1211-3858-21,,,,017-1211-3863-21
017-1211-3863-21,,,,017-1211-3864-21
017-1211-3864-21,,,,017-1211-3866-21
017-1211-3866-21,,,,017-1111-0680-21
017-1111-0680-21,,,,017-1111-0681-21
017-1111-0681-21,,,,017-1111-0683-21
017-1111-0683-21,,,,017-1111-0690-21
017-1111-0690-21,,,,017-1111-0696-21
017-1111-0696-21,,,,017-1111-0697-21
017-1111-0697-21,,,,017-1111-0698-21
017-1111-0698-21,,,,017-1111-0701-21
017-1111-0701-21,,,,017-1111-0703-21
017-1111-0703-21,,,,017-1111-0711-21
017-1111-0711-21,,,,017-1111-0719-21
017-1111-0719-21,,,,017-1111-0721-21
017-1111-0721-21,,,,017-1111-0724-21
017-1111-0724-21,,,,017-1111-0725-21
017-1111-0725-21,,,,017-1111-0726-21
017-1111-0726-21,,,,017-1111-0727-21
017-1111-0727-21,,,,017-1111-0728-21
017-1111-0728-21,,,,017-1111-0729-21
017-1111-0729-21,,,,017-1111-0730-21
017-1111-0730-21,,,,017-1111-0731-21
017-1111-0731-21,,,,017-1111-0732-21
017-1111-0732-21,,,,017-1111-0733-21
017-1111-0733-21,,,,017-1111-0735-21
017-1111-0735-21,,,,017-1111-0736-21
017-1111-0736-21,,,,017-1111-0737-21
017-1111-0737-21,,,,017-1111-0738-21
017-1111-0738-21,,,,017-1111-0741-21
017-1111-0741-21,,,,017-1111-0742-21
017-1111-0742-21,,,,017-1111-0743-21
017-1111-0743-21,,,,017-1111-0746-21
017-1111-0746-21,,,,017-1111-0747-21
017-1111-0747-21,,,,017-1111-0748-21
017-1111-0748-21,,,,017-1111-0749-21
017-1111-0749-21,,,,017-1111-0750-21
017-1111-0750-21,,,,017-1111-0751-21
017-1111-0751-21,,,,017-1111-0752-21
017-1111-0752-21,,,,017-1111-0753-21
017-1111-0753-21,,,,017-1111-0755-21
017-1111-0755-21,,,,017-1111-0756-21
017-1111-0756-21,,,,017-1111-0757-21
017-1111-0757-21,,,,017-1111-0758-21
017-1111-0758-21,,,,017-1111-0760-21
017-1111-0760-21,,,,017-1111-0761-21
017-1111-0761-21,,,,017-1111-0763-21
017-1111-0763-21,,,,017-1111-0764-21
017-1111-0764-21,,,,017-1111-0766-21
017-1111-0766-21,,,,017-1111-0769-21
017-1111-0769-21,,,,017-1111-0770-21
017-1111-0770-21,,,,017-1111-0771-21
017-1111-0771-21,,,,017-1111-0772-21
017-1111-0772-21,,,,017-1111-0773-21
017-1111-0773-21,,,,017-1111-0774-21
017-1111-0774-21,,,,017-1111-0775-21
017-1111-0775-21,,,,017-1111-0776-21
017-1111-0776-21,,,,017-1111-0777-21
017-1111-0777-21,,,,017-1111-0779-21
017-1111-0779-21,,,,017-1111-0780-21
017-1111-0780-21,,,,017-1111-0781-21
017-1111-0781-21,,,,017-1111-0784-21
017-1111-0784-21,,,,017-1111-0785-21
017-1111-0785-21,,,,017-1111-0786-21
017-1111-0786-21,,,,017-1111-0787-21
017-1111-0787-21,,,,017-1111-0789-21
017-1111-0789-21,,,,017-1111-0790-21
017-1111-0790-21,,,,017-1111-0791-21
017-1111-0791-21,,,,017-1111-0792-21
017-1111-0792-21,,,,017-1111-0796-21
017-1111-0796-21,,,,
017-1111-0797-21,,,,
017-1111-0798-21,,,,
017-1111-0800-21,,,,
017-1111-0803-21,,,,
017-1111-0804-21,,,,
017-1111-0805-21,,,,
017-1111-0809-21,,,,
017-1111-0810-21,,,,
017-1111-0813-21,,,,
017-1111-0815-21,,,,
017-1111-0817-21,,,,
017-1111-0818-21,,,,
017-1111-0819-21,,,,
017-1111-0821-21,,,,
017-1111-0822-21,,,,
017-1111-0824-21,,,,
017-1111-0825-21,,,,
017-1111-0826-21,,,,
017-1111-0828-21,,,,
017-1111-0830-21,,,,
017-1111-0832-21,,,,
017-1111-0833-21,,,,
017-1111-0834-21,,,,
017-1111-0836-21,,,,
017-1111-0838-21,,,,
017-1111-0840-21,,,,
017-1111-0841-21,,,,
017-1111-0842-21,,,,
017-1111-0844-21,,,,
017-1111-0847-21,,,,
017-1111-0850-21,,,,
017-1111-0851-21,,,,
017-1111-0854-21,,,,
017-1111-0856-21,,,,
017-1111-0857-21,,,,
017-1111-0858-21,,,,
017-1111-0859-21,,,,
017-1111-0860-21,,,,
017-1111-0861-21,,,,
017-1111-0864-21,,,,
017-1111-0865-21,,,,
017-1111-0866-21,,,,
017-1111-0870-21,,,,
017-1111-0871-21,,,,
017-1111-0872-21,,,,
017-1111-0873-21,,,,
017-1111-0874-21,,,,
017-1111-0875-21,,,,
017-1111-0876-21,,,,
017-1111-0877-21,,,,
017-1111-0878-21,,,,
017-1111-0880-21,,,,
017-1111-0881-21,,,,
017-1111-0882-21,,,,
017-1111-0883-21,,,,
017-1111-0884-21,,,,
017-1111-0887-21,,,,
017-1111-0888-21,,,,
017-1111-0889-21,,,,
017-1111-0890-21,,,,
017-1111-0891-21,,,,
017-1111-0892-21,,,,
017-1111-0893-21,,,,
017-1111-0896-21,,,,
017-1111-0897-21,,,,
017-1111-0901-21,,,,
017-1111-0903-21,,,,
017-1111-0904-21,,,,
017-1111-0906-21,,,,
017-1111-0907-21,,,,
017-1111-0908-21,,,,
017-1111-0909-21,,,,
017-1111-0910-21,,,,
017-1111-0913-21,,,,
017-1111-0914-21,,,,
017-1111-0916-21,,,,
017-1111-0918-21,,,,
017-1111-0919-21,,,,
017-1111-0921-21,,,,
017-1111-0922-21,,,,
017-1111-0925-21,,,,
017-1111-0927-21,,,,
017-1111-0928-21,,,,
017-1111-0930-21,,,,
017-1111-0937-21,,,,
017-1111-0941-21,,,,
017-1111-0943-21,,,,
017-1111-0945-21,,,,
017-1111-0947-21,,,,
017-1111-0948-21,,,,
017-1111-0949-21,,,,
017-1111-0954-21,,,,
017-1111-0955-21,,,,
017-1111-0957-21,,,,
017-1111-0958-21,,,,
017-1111-0959-21,,,,
017-1111-0960-21,,,,
017-1111-0963-21,,,,
017-1111-0964-21,,,,
017-1111-0965-21,,,,
017-1111-0968-21,,,,
017-1111-0969-21,,,,
017-1111-0970-21,,,,
017-1111-0971-21,,,,
017-1111-0974-21,,,,
017-1111-0975-21,,,,
017-1111-0977-21,,,,
017-1111-0979-21,,,,
017-1111-0980-21,,,,
017-1111-0981-21,,,,
017-1111-0982-21,,,,
017-1111-0986-21,,,,
017-1111-0989-21,,,,
017-1111-0995-21,,,,
017-1111-0996-21,,,,
017-1111-0998-21,,,,
017-1111-0999-21,,,,
017-1111-1001-21,,,,
017-1111-1003-21,,,,
017-1111-1004-21,,,,
017-1111-1006-21,,,,
017-1111-1010-21,,,,
017-1111-1013-21,,,,
017-1111-1014-21,,,,
017-1111-1015-21,,,,
017-1111-1016-21,,,,
017-1111-1018-21,,,,
017-1111-1020-21,,,,
017-1111-1021-21,,,,
017-1111-1022-21,,,,
017-1111-1025-21,,,,
017-1111-1028-21,,,,
017-1111-1032-21,,,,
017-1111-1034-21,,,,
017-1111-1035-21,,,,
017-1111-1037-21,,,,
017-1111-1039-21,,,,
017-1111-1040-21,,,,
017-1111-1041-21,,,,
017-1111-1043-21,,,,
017-1111-1045-21,,,,
017-1111-1046-21,,,,
017-1111-1048-21,,,,
017-1111-1050-21,,,,
017-1111-1051-21,,,,
017-1111-1052-21,,,,
017-1111-1053-21,,,,
017-1111-1058-21,,,,
017-1111-1059-21,,,,
017-1111-1063-21,,,,
017-1111-1066-21,,,,
017-1111-1068-21,,,,
017-1111-1069-21,,,,
017-1111-1070-21,,,,
017-1111-1072-21,,,,
017-1111-1075-21,,,,
017-1111-1080-21,,,,
017-1111-1081-21,,,,
017-1111-1082-21,,,,
017-1111-1084-21,,,,
017-1111-1085-21,,,,
017-1111-1086-21,,,,
017-1111-1087-21,,,,
017-1111-1088-21,,,,
017-1111-1089-21,,,,
017-1111-1090-21,,,,
017-1111-1091-21,,,,
017-1111-1092-21,,,,
017-1111-1094-21,,,,
017-1111-1097-21,,,,
017-1111-1098-21,,,,
017-1111-1100-21,,,,
017-1111-1101-21,,,,
017-1111-1103-21,,,,
017-1111-1107-21,,,,
017-1111-1109-21,,,,
017-1111-1110-21,,,,
017-1111-1114-21,,,,
017-1111-1115-21,,,,
017-1111-1119-21,,,,
017-1111-1122-21,,,,
017-1111-1124-21,,,,
017-1111-1125-21,,,,
017-1111-1126-21,,,,
017-1111-1129-21,,,,
017-1111-1130-21,,,,
017-1111-1131-21,,,,
017-1111-1132-21,,,,
017-1111-1133-21,,,,
017-1111-1134-21,,,,
017-1111-1138-21,,,,
017-1111-1139-21,,,,
017-1111-1142-21,,,,
017-1111-1146-21,,,,
017-1111-1147-21,,,,
017-1111-1148-21,,,,
017-1111-1150-21,,,,
017-1111-1151-21,,,,
017-1111-1152-21,,,,
017-1111-1154-21,,,,
017-1111-1156-21,,,,
017-1111-1157-21,,,,
017-1111-1158-21,,,,
017-1111-1160-21,,,,
017-1111-1164-21,,,,
017-1111-1167-21,,,,
017-1111-1170-21,,,,
017-1111-1172-21,,,,
017-1111-1174-21,,,,
017-1111-1175-21,,,,
017-1111-1176-21,,,,
017-1111-1177-21,,,,
017-1111-1179-21,,,,
017-1111-1180-21,,,,
017-1111-1181-21,,,,
017-1111-1182-21,,,,
017-1111-1184-21,,,,
017-1111-1185-21,,,,
017-1111-1188-21,,,,
017-1111-1189-21,,,,
017-1111-1190-21,,,,
017-1111-1191-21,,,,
017-1111-1192-21,,,,
017-1111-1193-21,,,,
017-1111-1194-21,,,,
017-1111-1195-21,,,,
017-1111-1196-21,,,,
017-1111-1197-21,,,,
017-1111-1198-21,,,,
017-1111-1200-21,,,,
017-1111-1201-21,,,,
017-1111-1202-21,,,,
017-1111-1205-21,,,,
017-1111-1206-21,,,,
017-1111-1210-21,,,,
017-1111-1211-21,,,,
017-1111-1213-21,,,,
017-1111-1215-21,,,,
017-1111-1216-21,,,,
017-1111-1221-21,,,,
017-1111-1223-21,,,,
017-1111-1224-21,,,,
017-1111-1225-21,,,,
017-1111-1226-21,,,,
017-1111-1227-21,,,,
017-1111-1229-21,,,,
017-1111-1230-21,,,,
017-1111-1231-21,,,,
017-1111-1232-21,,,,
017-1111-1235-21,,,,
017-1111-1236-21,,,,
017-1111-1238-21,,,,
017-1111-1240-21,,,,
017-1111-1242-21,,,,
017-1111-1243-21,,,,
017-1111-1245-21,,,,
017-1111-1248-21,,,,
017-1111-1249-21,,,,
017-1111-1250-21,,,,
017-1111-1253-21,,,,
017-1111-1257-21,,,,
017-1111-1259-21,,,,
017-1111-1261-21,,,,
017-1111-1264-21,,,,
017-1111-1265-21,,,,
017-1111-1266-21,,,,
017-1111-1267-21,,,,
017-1111-1269-21,,,,
017-1111-1270-21,,,,
017-1111-1272-21,,,,
017-1111-1276-21,,,,
017-1111-1277-21,,,,
017-1111-1279-21,,,,
017-1111-1280-21,,,,
017-1111-1282-21,,,,
017-1111-1286-21,,,,
017-1111-1287-21,,,,
017-1111-1289-21,,,,
017-1111-1290-21,,,,
017-1111-1292-21,,,,
017-1111-1293-21,,,,
017-1111-1294-21,,,,
017-1111-1297-21,,,,
017-1111-1301-21,,,,
017-1111-1302-21,,,,
017-1111-1305-21,,,,
017-1111-1306-21,,,,
017-1111-1307-21,,,,
017-1111-1308-21,,,,
017-1111-1312-21,,,,
017-1111-1314-21,,,,
017-1111-1315-21,,,,
017-1111-1316-21,,,,
017-1111-1317-21,,,,
017-1111-1318-21,,,,
017-1111-1319-21,,,,
017-1111-1321-21,,,,
017-1111-1322-21,,,,
017-1111-1324-21,,,,
017-1111-1325-21,,,,
017-1111-1328-21,,,,
017-1111-1329-21,,,,
017-1111-1330-21,,,,
017-1111-1331-21,,,,
017-1111-1333-21,,,,
017-1111-1340-21,,,,
017-1111-1341-21,,,,
017-1111-1342-21,,,,
017-1111-1344-21,,,,
017-1111-1345-21,,,,
017-1111-1346-21,,,,
017-1111-1347-21,,,,
017-1111-1349-21,,,,
017-1111-1352-21,,,,
017-1111-1355-21,,,,
017-1111-1358-21,,,,
017-1111-1360-21,,,,
017-1111-1361-21,,,,
017-1111-1362-21,,,,
017-1111-1363-21,,,,
017-1111-1364-21,,,,
017-1111-1366-21,,,,
017-1111-1369-21,,,,
017-1111-1370-21,,,,
017-1111-1371-21,,,,
017-1111-1372-21,,,,
017-1111-1373-21,,,,
017-1111-1374-21,,,,
017-1111-1375-21,,,,
017-1111-1377-21,,,,
017-1111-1378-21,,,,
017-1111-1379-21,,,,
017-1111-1380-21,,,,
017-1111-1383-21,,,,
017-1111-1387-21,,,,
017-1111-1390-21,,,,
017-1111-1392-21,,,,
017-1111-1393-21,,,,
017-1111-1395-21,,,,
017-1111-1396-21,,,,
017-1111-1397-21,,,,
017-1111-1398-21,,,,
017-1111-1399-21,,,,
017-1111-1404-21,,,,
017-1111-1406-21,,,,
017-1111-1407-21,,,,
017-1111-1410-21,,,,
017-1111-1413-21,,,,
017-1111-1415-21,,,,
017-1111-1416-21,,,,
017-1111-1417-21,,,,
017-1111-1418-21,,,,
017-1111-1419-21,,,,
017-1111-1421-21,,,,
017-1111-1422-21,,,,
017-1111-1424-21,,,,
017-1111-1425-21,,,,
017-1111-1427-21,,,,
017-1111-1432-21,,,,
017-1111-1433-21,,,,
017-1111-1436-21,,,,
017-1111-1437-21,,,,
017-1111-1438-21,,,,
017-1111-1439-21,,,,
017-1111-1443-21,,,,
017-1111-1444-21,,,,
017-1111-1446-21,,,,
017-1111-1447-21,,,,
017-1111-1450-21,,,,
017-1111-1452-21,,,,
017-1111-1454-21,,,,
017-1111-1455-21,,,,
017-1111-1456-21,,,,
017-1111-1458-21,,,,
017-1111-1459-21,,,,
017-1111-1460-21,,,,
017-1111-1462-21,,,,
017-1111-1466-21,,,,
017-1111-1467-21,,,,
017-1111-1468-21,,,,
017-1111-1469-21,,,,
017-1111-1470-21,,,,
017-1111-1473-21,,,,
017-1111-1474-21,,,,
017-1111-1475-21,,,,
017-1111-1478-21,,,,
017-1111-1480-21,,,,
017-1111-1482-21,,,,
017-1111-1486-21,,,,
017-1111-1488-21,,,,
017-1111-1492-21,,,,
017-1111-1494-21,,,,
017-1111-1497-21,,,,
017-1111-1498-21,,,,
017-1111-1501-21,,,,
017-1111-1502-21,,,,
017-1111-1503-21,,,,
017-1111-1504-21,,,,
017-1111-1506-21,,,,
017-1111-1508-21,,,,
017-1111-1516-21,,,,
017-1111-1517-21,,,,
017-1111-1519-21,,,,
017-1111-1521-21,,,,
017-1111-1524-21,,,,
017-1111-1526-21,,,,
017-1111-1530-21,,,,
017-1111-1533-21,,,,
017-1111-1535-21,,,,
017-1111-1536-21,,,,
017-1111-1537-21,,,,
017-1111-1538-21,,,,
017-1111-1539-21,,,,
017-1111-1541-21,,,,
017-1111-1543-21,,,,
017-1111-1544-21,,,,
017-1111-1545-21,,,,
017-1111-1546-21,,,,
017-1111-1549-21,,,,
017-1111-1551-21,,,,
017-1111-1552-21,,,,
017-1111-1555-21,,,,
017-1111-1556-21,,,,
017-1111-1559-21,,,,
017-1111-1561-21,,,,
017-1111-1562-21,,,,
017-1111-1564-21,,,,
017-1111-1565-21,,,,
017-1111-1566-21,,,,
017-1111-1567-21,,,,
017-1111-1569-21,,,,
017-1111-1570-21,,,,
017-1111-1571-21,,,,
017-1111-1572-21,,,,
017-1111-1573-21,,,,
017-1111-1574-21,,,,
017-1111-1575-21,,,,
017-1111-1578-21,,,,
017-1111-1580-21,,,,
017-1111-1581-21,,,,
017-1111-1584-21,,,,
017-1111-1585-21,,,,
017-1111-1587-21,,,,
017-1111-1592-21,,,,
017-1111-1593-21,,,,
017-1111-1596-21,,,,
017-1111-1597-21,,,,
017-1111-1598-21,,,,
017-1111-1600-21,,,,
017-1111-1601-21,,,,
017-1111-1603-21,,,,
017-1111-1604-21,,,,
017-1111-1609-21,,,,
017-1111-1610-21,,,,
017-1111-1611-21,,,,
017-1111-1613-21,,,,
017-1111-1614-21,,,,
017-1111-1615-21,,,,
017-1111-1617-21,,,,
017-1111-1621-21,,,,
017-1111-1622-21,,,,
017-1111-1624-21,,,,
017-1111-1626-21,,,,
017-1111-1628-21,,,,
017-1111-1630-21,,,,
017-1111-1633-21,,,,
017-1111-1634-21,,,,
017-1111-1635-21,,,,
017-1111-1637-21,,,,
017-1111-1638-21,,,,
017-1111-1640-21,,,,
017-1111-1641-21,,,,
017-1111-1642-21,,,,
017-1111-1643-21,,,,
017-1111-1644-21,,,,
017-1111-1645-21,,,,
017-1111-1646-21,,,,
017-1111-1647-21,,,,
017-1111-1648-21,,,,
017-1111-1650-21,,,,
017-1111-1652-21,,,,
017-1111-1653-21,,,,
017-1111-1656-21,,,,
017-1111-1657-21,,,,
017-1111-1660-21,,,,
017-1111-1662-21,,,,
017-1111-1665-21,,,,
017-1111-1666-21,,,,
017-1111-1667-21,,,,
017-1111-1668-21,,,,
017-1111-1669-21,,,,
017-1111-1670-21,,,,
017-1111-1671-21,,,,
017-1111-1673-21,,,,
017-1111-1674-21,,,,
017-1111-1677-21,,,,
017-1111-1678-21,,,,
017-1111-1679-21,,,,
017-1111-1680-21,,,,
017-1111-1681-21,,,,
017-1111-1685-21,,,,
017-1111-1686-21,,,,
017-1111-1688-21,,,,
017-1111-1692-21,,,,
017-1111-1693-21,,,,
017-1111-1695-21,,,,
017-1111-1696-21,,,,
017-1111-1697-21,,,,
017-1111-1698-21,,,,
017-1111-1699-21,,,,
017-1111-1700-21,,,,
017-1111-1701-21,,,,
017-1111-1702-21,,,,
017-1111-1703-21,,,,
017-1111-1704-21,,,,
017-1111-1705-21,,,,
017-1111-1706-21,,,,
017-1111-1707-21,,,,
017-1111-1709-21,,,,
017-1111-1710-21,,,,
017-1111-1711-21,,,,
017-1111-1713-21,,,,
017-1111-1714-21,,,,
017-1111-1715-21,,,,
017-1111-1717-21,,,,
017-1111-1719-21,,,,
017-1111-1722-21,,,,
017-1111-1723-21,,,,
017-1111-1724-21,,,,
017-1111-1726-21,,,,
017-1111-1728-21,,,,
017-1111-1731-21,,,,
017-1111-1732-21,,,,
017-1111-1735-21,,,,
017-1111-1736-21,,,,
017-1111-1738-21,,,,
017-1111-1740-21,,,,
017-1111-1741-21,,,,
017-1111-1742-21,,,,
017-1111-1743-21,,,,
017-1111-1744-21,,,,
017-1111-1745-21,,,,
017-1111-1746-21,,,,
017-1111-1747-21,,,,
017-1111-1752-21,,,,
017-1111-1753-21,,,,
017-1111-1755-21,,,,
017-1111-1756-21,,,,
017-1111-1757-21,,,,
017-1111-1758-21,,,,
017-1111-1761-21,,,,
017-1111-1765-21,,,,
017-1111-1768-21,,,,
017-1111-1770-21,,,,
017-1111-1771-21,,,,
017-1111-1774-21,,,,
017-1111-1775-21,,,,
017-1111-1776-21,,,,
017-1111-1780-21,,,,
017-1111-1782-21,,,,
017-1111-1783-21,,,,
017-1111-1784-21,,,,
017-1111-1785-21,,,,
017-1111-1787-21,,,,
017-1111-1788-21,,,,
017-1111-1789-21,,,,
017-1111-1791-21,,,,
017-1111-1792-21,,,,
017-1111-1793-21,,,,
017-1111-1794-21,,,,
017-1111-1796-21,,,,
017-1111-1797-21,,,,
017-1111-1798-21,,,,
017-1111-1799-21,,,,
017-1111-1801-21,,,,
017-1111-1802-21,,,,
017-1111-1804-21,,,,
017-1111-1808-21,,,,
017-1111-1809-21,,,,
017-1111-1810-21,,,,
017-1111-1814-21,,,,
017-1111-1815-21,,,,
017-1111-1816-21,,,,
017-1111-1818-21,,,,
017-1111-1820-21,,,,
017-1111-1822-21,,,,
017-1111-1823-21,,,,
017-1111-1824-21,,,,
017-1111-1826-21,,,,
017-1111-1827-21,,,,
017-1111-1828-21,,,,
017-1111-1829-21,,,,
017-1111-1830-21,,,,
017-1111-1834-21,,,,
017-1111-1835-21,,,,
017-1111-1838-21,,,,
017-1111-1839-21,,,,
017-1111-1841-21,,,,
017-1111-1842-21,,,,
017-1111-1844-21,,,,
017-1111-1845-21,,,,
017-1111-1846-21,,,,
017-1111-1847-21,,,,
017-1111-1848-21,,,,
017-1111-1849-21,,,,
017-1111-1851-21,,,,
017-1111-1852-21,,,,
017-1111-1856-21,,,,
017-1111-1858-21,,,,
017-1111-1861-21,,,,
017-1111-1867-21,,,,
017-1111-1871-21,,,,
017-1111-1872-21,,,,
017-1111-1873-21,,,,
017-1111-1874-21,,,,
017-1111-1875-21,,,,
017-1111-1877-21,,,,
017-1111-1878-21,,,,
017-1111-1879-21,,,,
017-1111-1881-21,,,,
017-1111-1883-21,,,,
017-1111-1884-21,,,,
017-1111-1885-21,,,,
017-1111-1886-21,,,,
017-1111-1887-21,,,,
017-1111-1888-21,,,,
017-1111-1889-21,,,,
017-1111-1890-21,,,,
017-1111-1891-21,,,,
017-1111-1893-21,,,,
017-1111-1896-21,,,,
017-1111-1897-21,,,,
017-1111-1900-21,,,,
017-1111-1902-21,,,,
017-1111-1905-21,,,,
017-1111-1906-21,,,,
017-1111-1907-21,,,,
017-1111-1908-21,,,,
017-1111-1909-21,,,,
017-1111-1910-21,,,,
017-1111-1912-21,,,,
017-1111-1914-21,,,,
017-1111-1915-21,,,,
017-1111-1916-21,,,,
017-1111-1917-21,,,,
017-1111-1918-21,,,,
017-1111-1919-21,,,,
017-1111-1920-21,,,,
017-1111-1921-21,,,,
017-1111-1923-21,,,,
017-1111-1925-21,,,,
017-1111-1927-21,,,,
017-1111-1929-21,,,,
017-1111-1930-21,,,,
017-1111-1931-21,,,,
017-1111-1932-21,,,,
017-1111-1935-21,,,,
017-1111-1938-21,,,,
017-1111-1940-21,,,,
017-1111-1941-21,,,,
017-1111-1942-21,,,,
017-1111-1944-21,,,,
017-1111-1950-21,,,,
017-1111-1952-21,,,,
017-1111-1956-21,,,,
017-1111-1960-21,,,,
017-1111-1961-21,,,,
017-1111-1962-21,,,,
017-1111-1964-21,,,,
017-1111-1966-21,,,,
017-1111-1967-21,,,,
017-1111-1969-21,,,,
017-1111-1971-21,,,,
017-1111-1972-21,,,,
017-1111-1973-21,,,,
017-1111-1974-21,,,,
017-1111-1975-21,,,,
017-1111-1976-21,,,,
017-1111-1978-21,,,,
017-1111-1979-21,,,,
017-1111-1981-21,,,,
017-1111-1984-21,,,,
017-1111-1985-21,,,,
017-1111-1987-21,,,,
017-1111-1988-21,,,,
017-1111-1989-21,,,,
017-1111-1995-21,,,,
017-1111-1996-21,,,,
017-1111-2002-21,,,,
017-1111-2003-21,,,,
017-1111-2004-21,,,,
017-1111-2006-21,,,,
017-1111-2007-21,,,,
017-1111-2008-21,,,,
017-1111-2010-21,,,,
017-1111-2011-21,,,,
017-1111-2012-21,,,,
017-1111-2013-21,,,,
017-1111-2014-21,,,,
017-1111-2015-21,,,,
017-1111-2017-21,,,,
017-1111-2019-21,,,,
017-1111-2020-21,,,,
017-1111-2021-21,,,,
017-1111-2022-21,,,,
017-1111-2025-21,,,,
017-1111-2027-21,,,,
017-1111-2028-21,,,,
017-1111-2029-21,,,,
017-1111-2031-21,,,,
017-1111-2032-21,,,,
017-1111-2033-21,,,,
017-1111-2036-21,,,,
017-1111-2038-21,,,,
017-1111-2040-21,,,,
017-1111-2041-21,,,,
017-1111-2042-21,,,,
017-1111-2044-21,,,,
017-1111-2045-21,,,,
017-1111-2046-21,,,,
017-1111-2047-21,,,,
017-1111-2048-21,,,,
017-1111-2049-21,,,,
017-1111-2050-21,,,,
017-1111-2051-21,,,,
017-1111-2052-21,,,,
017-1111-2054-21,,,,
017-1111-2055-21,,,,
017-1111-2057-21,,,,
017-1111-2058-21,,,,
017-1111-2060-21,,,,
017-1111-2061-21,,,,
017-1111-2063-21,,,,
017-1111-2064-21,,,,
017-1111-2065-21,,,,
017-1111-2066-21,,,,
017-1111-2068-21,,,,
017-1111-2069-21,,,,
017-1111-2071-21,,,,
017-1111-2073-21,,,,
017-1111-2075-21,,,,
017-1111-2076-21,,,,
017-1111-2079-21,,,,
017-1111-2083-21,,,,
017-1111-2087-21,,,,
017-1111-2088-21,,,,
017-1111-2089-21,,,,
017-1111-2091-21,,,,
017-1111-2092-21,,,,
017-1111-2093-21,,,,
017-1111-2096-21,,,,
017-1111-2097-21,,,,
017-1111-2099-21,,,,
017-1111-2100-21,,,,
017-1111-2101-21,,,,
017-1111-2102-21,,,,
017-1111-2103-21,,,,
017-1111-2107-21,,,,
017-1111-2109-21,,,,
017-1111-2110-21,,,,
017-1111-2111-21,,,,
017-1111-2113-21,,,,
017-1111-2114-21,,,,
017-1111-2115-21,,,,
017-1111-2117-21,,,,
017-1111-2119-21,,,,
017-1111-2120-21,,,,
017-1111-2121-21,,,,
017-1111-2122-21,,,,
017-1111-2124-21,,,,
017-1111-2126-21,,,,
017-1111-2128-21,,,,
017-1111-2131-21,,,,
017-1111-2132-21,,,,
017-1111-2133-21,,,,
017-1111-2134-21,,,,
017-1111-2136-21,,,,
017-1111-2138-21,,,,
017-1111-2143-21,,,,
017-1111-2144-21,,,,
017-1111-2145-21,,,,
017-1111-2146-21,,,,
017-1111-2148-21,,,,
017-1111-2150-21,,,,
017-1111-2151-21,,,,
017-1111-2152-21,,,,
017-1111-2154-21,,,,
017-1111-2156-21,,,,
017-1111-2160-21,,,,
017-1111-2161-21,,,,
017-1111-2162-21,,,,
017-1111-2163-21,,,,
017-1111-2164-21,,,,
017-1111-2167-21,,,,
017-1111-2168-21,,,,
017-1111-2171-21,,,,
017-1111-2173-21,,,,
017-1111-2175-21,,,,
017-1111-2176-21,,,,
017-1111-2177-21,,,,
017-1111-2179-21,,,,
017-1111-2180-21,,,,
017-1111-2181-21,,,,
017-1111-2184-21,,,,
017-1111-2186-21,,,,
017-1111-2187-21,,,,
017-1111-2194-21,,,,
017-1111-2196-21,,,,
017-1111-2197-21,,,,
017-1111-2199-21,,,,
017-1111-2204-21,,,,
017-1111-2207-21,,,,
017-1111-2208-21,,,,
017-1111-2209-21,,,,
017-1111-2210-21,,,,
017-1111-2212-21,,,,
017-1111-2213-21,,,,
017-1111-2216-21,,,,
017-1111-2217-21,,,,
017-1111-2218-21,,,,
017-1111-2221-21,,,,
017-1111-2222-21,,,,
017-1111-2223-21,,,,
017-1111-2226-21,,,,
017-1111-2227-21,,,,
017-1111-2229-21,,,,
017-1111-2231-21,,,,
017-1111-2233-21,,,,
017-1111-2236-21,,,,
017-1111-2237-21,,,,
017-1111-2240-21,,,,
017-1111-2241-21,,,,
017-1111-2243-21,,,,
017-1111-2245-21,,,,
017-1111-2249-21,,,,
017-1111-2251-21,,,,
017-1111-2253-21,,,,
017-1111-2254-21,,,,
017-1111-2255-21,,,,
017-1111-2258-21,,,,
017-1111-2262-21,,,,
017-1111-2263-21,,,,
017-1111-2264-21,,,,
017-1111-2265-21,,,,
017-1111-2266-21,,,,
017-1111-2267-21,,,,
017-1111-2268-21,,,,
017-1111-2270-21,,,,
017-1111-2271-21,,,,
017-1111-2272-21,,,,
017-1111-2273-21,,,,
017-1111-2274-21,,,,
017-1111-2278-21,,,,
017-1111-2279-21,,,,
017-1111-2280-21,,,,
017-1111-2282-21,,,,
017-1111-2283-21,,,,
017-1111-2285-21,,,,
017-1111-2286-21,,,,
017-1111-2287-21,,,,
017-1111-2288-21,,,,
017-1111-2289-21,,,,
017-1111-2291-21,,,,
017-1111-2292-21,,,,
017-1111-2293-21,,,,
017-1111-2294-21,,,,
017-1111-2295-21,,,,
017-1111-2296-21,,,,
017-1111-2298-21,,,,
017-1111-2299-21,,,,
017-1111-2300-21,,,,
017-1111-2302-21,,,,
017-1111-2303-21,,,,
017-1111-2306-21,,,,
017-1111-2308-21,,,,
017-1111-2311-21,,,,
017-1111-2312-21,,,,
017-1111-2313-21,,,,
017-1111-2314-21,,,,
017-1111-2315-21,,,,
017-1111-2317-21,,,,
017-1111-2318-21,,,,
017-1111-2320-21,,,,
017-1111-2321-21,,,,
017-1111-2322-21,,,,
017-1111-2323-21,,,,
017-1111-2324-21,,,,
017-1111-2327-21,,,,
017-1111-2331-21,,,,
017-1111-2332-21,,,,
017-1111-2333-21,,,,
017-1111-2335-21,,,,
017-1111-2337-21,,,,
017-1111-2338-21,,,,
017-1111-2339-21,,,,
017-1111-2340-21,,,,
017-1111-2342-21,,,,
017-1111-2343-21,,,,
017-1111-2344-21,,,,
017-1111-2346-21,,,,
017-1111-2347-21,,,,
017-1111-2349-21,,,,
017-1111-2350-21,,,,
017-1111-2351-21,,,,
017-1111-2352-21,,,,
017-1111-2354-21,,,,
017-1111-2357-21,,,,
017-1111-2358-21,,,,
017-1111-2359-21,,,,
017-1111-2360-21,,,,
017-1111-2361-21,,,,
017-1111-2363-21,,,,
017-1111-2364-21,,,,
017-1111-2365-21,,,,
017-1111-2366-21,,,,
017-1111-2367-21,,,,
017-1111-2368-21,,,,
017-1111-2370-21,,,,
017-1111-2371-21,,,,
017-1111-2372-21,,,,
017-1111-2373-21,,,,
017-1111-2374-21,,,,
017-1111-2375-21,,,,
017-1111-2376-21,,,,
017-1111-2377-21,,,,
017-1111-2378-21,,,,
017-1111-2379-21,,,,
017-1111-2380-21,,,,
017-1111-2381-21,,,,
017-1111-2383-21,,,,
017-1111-2384-21,,,,
017-1111-2385-21,,,,
017-1111-2386-21,,,,
017-1111-2387-21,,,,
017-1111-2388-21,,,,
017-1111-2389-21,,,,
017-1111-2391-21,,,,
017-1111-2393-21,,,,
017-1111-2394-21,,,,
017-1111-2395-21,,,,
017-1111-2397-21,,,,
017-1111-2399-21,,,,
017-1111-2400-21,,,,
017-1111-2401-21,,,,
017-1111-2402-21,,,,
017-1111-2403-21,,,,
017-1111-2405-21,,,,
017-1111-2409-21,,,,
017-1111-2414-21,,,,
017-1111-2416-21,,,,
017-1111-2418-21,,,,
017-1111-2421-21,,,,
017-1111-2422-21,,,,
017-1111-2423-21,,,,
017-1111-2424-21,,,,
017-1111-2425-21,,,,
017-1111-2426-21,,,,
017-1111-2427-21,,,,
017-1111-2428-21,,,,
017-1111-2429-21,,,,
017-1111-2431-21,,,,
017-1111-2432-21,,,,
017-1111-2433-21,,,,
017-1111-2435-21,,,,
017-1111-2439-21,,,,
017-1111-2442-21,,,,
017-1111-2445-21,,,,
017-1111-2446-21,,,,
017-1111-2447-21,,,,
017-1111-2448-21,,,,
017-1111-2450-21,,,,
017-1111-2451-21,,,,
017-1111-2453-21,,,,
017-1111-2454-21,,,,
017-1111-2455-21,,,,
017-1111-2457-21,,,,
017-1111-2458-21,,,,
017-1111-2461-21,,,,
017-1111-2462-21,,,,
017-1111-2464-21,,,,
017-1111-2468-21,,,,
017-1111-2469-21,,,,
017-1111-2470-21,,,,
017-1111-2471-21,,,,
017-1111-2472-21,,,,
017-1111-2473-21,,,,
017-1111-2474-21,,,,
017-1111-2475-21,,,,
017-1111-2477-21,,,,
017-1111-2479-21,,,,
017-1111-2480-21,,,,
017-1111-2481-21,,,,
017-1111-2482-21,,,,
017-1111-2483-21,,,,
017-1111-2485-21,,,,
017-1111-2486-21,,,,
017-1111-2487-21,,,,
017-1111-2488-21,,,,
017-1111-2490-21,,,,
017-1111-2491-21,,,,
017-1111-2492-21,,,,
017-1111-2493-21,,,,
017-1111-2497-21,,,,
017-1111-2498-21,,,,
017-1111-2499-21,,,,
017-1111-2501-21,,,,
017-1111-2502-21,,,,
017-1111-2503-21,,,,
017-1111-2505-21,,,,
017-1111-2506-21,,,,
017-1111-2507-21,,,,
017-1111-2508-21,,,,
017-1111-2509-21,,,,
017-1111-2511-21,,,,
017-1111-2514-21,,,,
017-1111-2515-21,,,,
017-1111-2516-21,,,,
017-1111-2517-21,,,,
017-1111-2518-21,,,,
017-1111-2519-21,,,,
017-1111-2521-21,,,,
017-1111-2523-21,,,,
017-1111-2525-21,,,,
017-1111-2526-21,,,,
017-1111-2527-21,,,,
017-1111-2528-21,,,,
017-1111-2530-21,,,,
017-1111-2531-21,,,,
017-1111-2535-21,,,,
017-1111-2536-21,,,,
017-1111-2537-21,,,,
017-1111-2538-21,,,,
017-1111-2539-21,,,,
017-1111-2540-21,,,,
017-1111-2541-21,,,,
017-1111-2543-21,,,,
017-1111-2544-21,,,,
017-1111-2547-21,,,,
017-1111-2548-21,,,,
017-1111-2550-21,,,,
017-1111-2551-21,,,,
017-1111-2555-21,,,,
017-1111-2556-21,,,,
017-1111-2558-21,,,,
017-1111-2559-21,,,,
017-1111-2560-21,,,,
017-1111-2561-21,,,,
017-1111-2563-21,,,,
017-1111-2566-21,,,,
017-1111-2568-21,,,,
017-1111-2569-21,,,,
017-1111-2571-21,,,,
017-1111-2572-21,,,,
017-1111-2573-21,,,,
017-1111-2574-21,,,,
017-1111-2575-21,,,,
017-1111-2576-21,,,,
017-1111-2578-21,,,,
017-1111-2579-21,,,,
017-1111-2582-21,,,,
017-1111-2583-21,,,,
017-1111-2584-21,,,,
017-1111-2585-21,,,,
017-1111-2586-21,,,,
017-1111-2587-21,,,,
017-1111-2588-21,,,,
017-1111-2589-21,,,,
017-1111-2595-21,,,,
017-1111-2597-21,,,,
017-1111-2598-21,,,,
017-1111-2599-21,,,,
017-1111-2600-21,,,,
017-1111-2602-21,,,,
017-1111-2604-21,,,,
017-1111-2605-21,,,,
017-1111-2606-21,,,,
017-1111-2611-21,,,,
017-1111-2614-21,,,,
017-1111-2615-21,,,,
017-1111-2616-21,,,,
017-1111-2617-21,,,,
017-1111-2618-21,,,,
017-1111-2622-21,,,,
017-1111-2624-21,,,,
017-1111-2625-21,,,,
017-1111-2626-21,,,,
017-1111-2627-21,,,,
017-1111-2628-21,,,,
017-1111-2629-21,,,,
017-1111-2630-21,,,,
017-1111-2632-21,,,,
017-1111-2633-21,,,,
017-1111-2634-21,,,,
017-1111-2635-21,,,,
017-1111-2637-21,,,,
017-1111-2639-21,,,,
017-1111-2641-21,,,,
017-1111-2643-21,,,,
017-1111-2645-21,,,,
017-1111-2646-21,,,,
017-1111-2649-21,,,,
017-1111-2651-21,,,,
017-1111-2652-21,,,,
017-1111-2654-21,,,,
017-1111-2655-21,,,,
017-1111-2657-21,,,,
017-1111-2658-21,,,,
017-1111-2659-21,,,,
017-1111-2660-21,,,,
017-1111-2665-21,,,,
017-1111-2666-21,,,,
017-1111-2667-21,,,,
017-1111-2669-21,,,,
017-1111-2670-21,,,,
017-1111-2671-21,,,,
017-1111-2672-21,,,,
017-1111-2674-21,,,,
017-1111-2675-21,,,,
017-1111-2676-21,,,,
017-1111-2679-21,,,,
017-1111-2682-21,,,,
017-1111-2684-21,,,,
017-1111-2685-21,,,,
017-1111-2686-21,,,,
017-1111-2688-21,,,,
017-1111-2693-21,,,,
017-1111-2694-21,,,,
017-1111-2696-21,,,,
017-1111-2697-21,,,,
017-1111-2699-21,,,,
017-1111-2701-21,,,,
017-1111-2702-21,,,,
017-1111-2703-21,,,,
017-1111-2706-21,,,,
017-1111-2707-21,,,,
017-1111-2708-21,,,,
017-1111-2710-21,,,,
017-1111-2711-21,,,,
017-1111-2713-21,,,,
017-1111-2714-21,,,,
017-1111-2715-21,,,,
017-1111-2716-21,,,,
017-1111-2717-21,,,,
017-1111-2719-21,,,,
017-1111-2721-21,,,,
017-1111-2726-21,,,,
017-1111-2727-21,,,,
017-1111-2729-21,,,,
017-1111-2730-21,,,,
017-1111-2731-21,,,,
017-1111-2732-21,,,,
017-1111-2733-21,,,,
017-1111-2734-21,,,,
017-1111-2736-21,,,,
017-1111-2737-21,,,,
017-1111-2739-21,,,,
017-1111-2740-21,,,,
017-1111-2741-21,,,,
017-1111-2742-21,,,,
017-1111-2743-21,,,,
017-1111-2745-21,,,,
017-1111-2746-21,,,,
017-1111-2748-21,,,,
017-1111-2752-21,,,,
017-1111-2753-21,,,,
017-1111-2754-21,,,,
017-1111-2759-21,,,,
017-1111-2763-21,,,,
017-1111-2764-21,,,,
017-1111-2765-21,,,,
017-1111-2769-21,,,,
017-1111-2770-21,,,,
017-1111-2771-21,,,,
017-1111-2772-21,,,,
017-1111-2773-21,,,,
017-1111-2775-21,,,,
017-1111-2776-21,,,,
017-1111-2778-21,,,,
017-1111-2780-21,,,,
017-1111-2781-21,,,,
017-1111-2782-21,,,,
017-1111-2783-21,,,,
017-1111-2784-21,,,,
017-1111-2789-21,,,,
017-1111-2790-21,,,,
017-1111-2791-21,,,,
017-1111-2792-21,,,,
017-1111-2793-21,,,,
017-1111-2795-21,,,,
017-1111-2796-21,,,,
017-1111-2797-21,,,,
017-1111-2798-21,,,,
017-1111-2799-21,,,,
017-1111-2800-21,,,,
017-1111-2802-21,,,,
017-1111-2805-21,,,,
017-1111-2806-21,,,,
017-1111-2807-21,,,,
017-1111-2808-21,,,,
017-1111-2810-21,,,,
017-1111-2811-21,,,,
017-1111-2812-21,,,,
017-1111-2813-21,,,,
017-1111-2818-21,,,,
017-1111-2821-21,,,,
017-1111-2822-21,,,,
017-1111-2823-21,,,,
017-1111-2824-21,,,,
017-1111-2825-21,,,,
017-1111-2826-21,,,,
017-1111-2828-21,,,,
017-1111-2829-21,,,,
017-1111-2830-21,,,,
017-1111-2831-21,,,,
017-1111-2833-21,,,,
017-1111-2834-21,,,,
017-1111-2836-21,,,,
017-1111-2838-21,,,,
017-1111-2839-21,,,,
017-1111-2840-21,,,,
017-1111-2842-21,,,,
017-1111-2843-21,,,,
017-1111-2844-21,,,,
017-1111-2847-21,,,,
017-1111-2849-21,,,,
017-1111-2851-21,,,,
017-1111-2855-21,,,,
017-1111-2856-21,,,,
017-1111-2857-21,,,,
017-1111-2858-21,,,,
017-1111-2860-21,,,,
017-1111-2861-21,,,,
017-1111-2862-21,,,,
017-1111-2863-21,,,,
017-1111-2865-21,,,,
017-1111-2870-21,,,,
017-1111-2871-21,,,,
017-1111-2872-21,,,,
017-1111-2873-21,,,,
017-1111-2875-21,,,,
017-1111-2876-21,,,,
017-1111-2877-21,,,,
017-1111-2878-21,,,,
017-1111-2879-21,,,,
017-1111-2880-21,,,,
017-1111-2881-21,,,,
017-1111-2882-21,,,,
017-1111-2884-21,,,,
017-1111-2885-21,,,,
017-1111-2886-21,,,,
017-1111-2888-21,,,,
017-1111-2892-21,,,,
017-1111-2894-21,,,,
017-1111-2895-21,,,,
017-1111-2896-21,,,,
017-1111-2897-21,,,,
017-1111-2898-21,,,,
017-1111-2899-21,,,,
017-1111-2900-21,,,,
017-1111-2903-21,,,,
017-1111-2906-21,,,,
017-1111-2907-21,,,,
017-1111-2909-21,,,,
017-1111-2910-21,,,,
017-1111-2911-21,,,,
017-1111-2912-21,,,,
017-1111-2915-21,,,,
017-1111-2916-21,,,,
017-1111-2921-21,,,,
017-1111-2923-21,,,,
017-1111-2924-21,,,,
017-1111-2926-21,,,,
017-1111-2929-21,,,,
017-1111-2931-21,,,,
017-1111-2932-21,,,,
017-1111-2933-21,,,,
017-1111-2939-21,,,,
017-1111-2940-21,,,,
017-1111-2942-21,,,,
017-1111-2943-21,,,,
017-1111-2946-21,,,,
017-1111-2947-21,,,,
017-1111-2949-21,,,,
017-1111-2951-21,,,,
017-1111-2953-21,,,,
017-1111-2955-21,,,,
017-1111-2957-21,,,,
017-1111-2960-21,,,,
017-1111-2961-21,,,,
017-1111-2962-21,,,,
017-1111-2967-21,,,,
017-1111-2970-21,,,,
017-1111-2971-21,,,,
017-1111-2972-21,,,,
017-1111-2975-21,,,,
017-1111-2976-21,,,,
017-1111-2977-21,,,,
017-1111-2978-21,,,,
017-1111-2981-21,,,,
017-1111-2982-21,,,,
017-1111-2985-21,,,,
017-1111-2987-21,,,,
017-1111-2989-21,,,,
017-1111-2990-21,,,,
017-1111-2991-21,,,,
017-1111-2993-21,,,,
017-1111-2994-21,,,,
017-1111-2996-21,,,,
017-1111-2997-21,,,,
017-1111-3001-21,,,,
017-1111-3003-21,,,,
017-1111-3005-21,,,,
017-1111-3006-21,,,,
017-1111-3007-21,,,,
017-1111-3008-21,,,,
017-1111-3009-21,,,,
017-1111-3010-21,,,,
017-1111-3011-21,,,,
017-1111-3014-21,,,,
017-1111-3015-21,,,,
017-1111-3016-21,,,,
017-1111-3017-21,,,,
017-1111-3018-21,,,,
017-1111-3021-21,,,,
017-1111-3022-21,,,,
017-1111-3023-21,,,,
017-1111-3024-21,,,,
017-1111-3025-21,,,,
017-1111-3026-21,,,,
017-1111-3028-21,,,,
017-1111-3029-21,,,,
017-1111-3030-21,,,,
017-1111-3032-21,,,,
017-1111-3033-21,,,,
017-1111-3037-21,,,,
017-1111-3038-21,,,,
017-1111-3043-21,,,,
017-1111-3044-21,,,,
017-1111-3047-21,,,,
017-1111-3048-21,,,,
017-1111-3049-21,,,,
017-1111-3050-21,,,,
017-1111-3051-21,,,,
017-1111-3054-21,,,,
017-1111-3058-21,,,,
017-1111-3059-21,,,,
017-1111-3062-21,,,,
017-1111-3064-21,,,,
017-1111-3065-21,,,,
017-1111-3067-21,,,,
017-1111-3070-21,,,,
017-1111-3072-21,,,,
017-1111-3076-21,,,,
017-1111-3077-21,,,,
017-1111-3078-21,,,,
017-1111-3079-21,,,,
017-1111-3081-21,,,,
017-1111-3082-21,,,,
017-1111-3083-21,,,,
017-1111-3084-21,,,,
017-1111-3086-21,,,,
017-1111-3087-21,,,,
017-1111-3089-21,,,,
017-1111-3091-21,,,,
017-1111-3093-21,,,,
017-1111-3094-21,,,,
017-1111-3095-21,,,,
017-1111-3096-21,,,,
017-1111-3097-21,,,,
017-1111-3098-21,,,,
017-1111-3099-21,,,,
017-1111-3100-21,,,,
017-1111-3101-21,,,,
017-1111-3104-21,,,,
017-1111-3106-21,,,,
017-1111-3107-21,,,,
017-1111-3109-21,,,,
017-1111-3110-21,,,,
017-1111-3113-21,,,,
017-1111-3115-21,,,,
017-1111-3116-21,,,,
017-1111-3118-21,,,,
017-1111-3119-21,,,,
017-1111-3120-21,,,,
017-1111-3122-21,,,,
017-1111-3123-21,,,,
017-1111-3126-21,,,,
017-1111-3127-21,,,,
017-1111-3128-21,,,,
017-1111-3129-21,,,,
017-1111-3130-21,,,,
017-1111-3131-21,,,,
017-1111-3132-21,,,,
017-1111-3136-21,,,,
017-1111-3138-21,,,,
017-1111-3139-21,,,,
017-1111-3140-21,,,,
017-1111-3141-21,,,,
017-1111-3142-21,,,,
017-1111-3143-21,,,,
017-1111-3146-21,,,,
017-1111-3148-21,,,,
017-1111-3152-21,,,,
017-1111-3153-21,,,,
017-1111-3156-21,,,,
017-1111-3157-21,,,,
017-1111-3158-21,,,,
017-1111-3159-21,,,,
017-1111-3160-21,,,,
017-1111-3163-21,,,,
017-1111-3165-21,,,,
017-1111-3168-21,,,,
017-1111-3172-21,,,,
017-1111-3174-21,,,,
017-1111-3175-21,,,,
017-1111-3176-21,,,,
017-1111-3177-21,,,,
017-1111-3178-21,,,,
017-1111-3180-21,,,,
017-1111-3183-21,,,,
017-1111-3184-21,,,,
017-1111-3186-21,,,,
017-1111-3187-21,,,,
017-1111-3188-21,,,,
017-1111-3189-21,,,,
017-1111-3191-21,,,,
017-1111-3194-21,,,,
017-1111-3195-21,,,,
017-1111-3197-21,,,,
017-1111-3198-21,,,,
017-1111-3199-21,,,,
017-1111-3201-21,,,,
017-1111-3205-21,,,,
017-1111-3206-21,,,,
017-1111-3207-21,,,,
017-1111-3208-21,,,,
017-1111-3212-21,,,,
017-1111-3215-21,,,,
017-1111-3216-21,,,,
017-1111-3217-21,,,,
017-1111-3220-21,,,,
017-1111-3222-21,,,,
017-1111-3224-21,,,,
017-1111-3225-21,,,,
017-1111-3226-21,,,,
017-1111-3227-21,,,,
017-1111-3229-21,,,,
017-1111-3230-21,,,,
017-1111-3234-21,,,,
017-1111-3235-21,,,,
017-1111-3237-21,,,,
017-1111-3238-21,,,,
017-1111-3239-21,,,,
017-1111-3240-21,,,,
017-1111-3241-21,,,,
017-1111-3242-21,,,,
017-1111-3245-21,,,,
017-1111-3246-21,,,,
017-1111-3247-21,,,,
017-1111-3248-21,,,,
017-1111-3250-21,,,,
017-1111-3251-21,,,,
017-1111-3253-21,,,,
017-1111-3254-21,,,,
017-1111-3255-21,,,,
017-1111-3260-21,,,,
017-1111-3261-21,,,,
017-1111-3264-21,,,,
017-1111-3265-21,,,,
017-1111-3266-21,,,,
017-1111-3267-21,,,,
017-1111-3269-21,,,,
017-1111-3272-21,,,,
017-1111-3274-21,,,,
017-1111-3277-21,,,,
017-1111-3279-21,,,,
017-1111-3282-21,,,,
017-1111-3283-21,,,,
017-1111-3284-21,,,,
017-1111-3285-21,,,,
017-1111-3287-21,,,,
017-1111-3288-21,,,,
017-1111-3290-21,,,,
017-1111-3291-21,,,,
017-1111-3293-21,,,,
017-1111-3294-21,,,,
017-1111-3295-21,,,,
017-1111-3297-21,,,,
017-1111-3299-21,,,,
017-1111-3300-21,,,,
017-1111-3303-21,,,,
017-1111-3304-21,,,,
017-1111-3306-21,,,,
017-1111-3309-21,,,,
017-1111-3314-21,,,,
017-1111-3316-21,,,,
017-1111-3317-21,,,,
017-1111-3318-21,,,,
017-1111-3319-21,,,,
017-1111-3320-21,,,,
017-1111-3323-21,,,,
017-1111-3325-21,,,,
017-1111-3328-21,,,,
017-1111-3329-21,,,,
017-1111-3331-21,,,,
017-1111-3332-21,,,,
017-1111-3334-21,,,,
017-1111-3338-21,,,,
017-1111-3340-21,,,,
017-1111-3342-21,,,,
017-1111-3343-21,,,,
017-1111-3349-21,,,,
017-1111-3351-21,,,,
017-1111-3353-21,,,,
017-1111-3354-21,,,,
017-1111-3357-21,,,,
017-1111-3359-21,,,,
017-1111-3360-21,,,,
017-1111-3361-21,,,,
017-1111-3364-21,,,,
017-1111-3366-21,,,,
017-1111-3368-21,,,,
017-1111-3369-21,,,,
017-1111-3370-21,,,,
017-1111-3374-21,,,,
017-1111-3375-21,,,,
017-1111-3377-21,,,,
017-1111-3378-21,,,,
017-1111-3382-21,,,,
017-1111-3386-21,,,,
017-1111-3388-21,,,,
017-1111-3389-21,,,,
017-1111-3391-21,,,,
017-1111-3392-21,,,,
017-1111-3393-21,,,,
017-1111-3394-21,,,,
017-1111-3395-21,,,,
017-1111-3397-21,,,,
017-1111-3398-21,,,,
017-1111-3400-21,,,,
017-1111-3401-21,,,,
017-1111-3404-21,,,,
017-1111-3405-21,,,,
017-1111-3406-21,,,,
017-1111-3407-21,,,,
017-1111-3410-21,,,,
017-1111-3411-21,,,,
017-1111-3413-21,,,,
017-1111-3414-21,,,,
017-1111-3417-21,,,,
017-1111-3419-21,,,,
017-1111-3420-21,,,,
017-1111-3422-21,,,,
017-1111-3423-21,,,,
017-1111-3427-21,,,,
017-1111-3430-21,,,,
017-1111-3431-21,,,,
017-1111-3438-21,,,,
017-1111-3440-21,,,,
017-1111-3441-21,,,,
017-1111-3447-21,,,,
017-1111-3448-21,,,,
017-1111-3449-21,,,,
017-1111-3450-21,,,,
017-1111-3451-21,,,,
017-1111-3452-21,,,,
017-1111-3453-21,,,,
017-1111-3454-21,,,,
017-1111-3455-21,,,,
017-1111-3456-21,,,,
017-1111-3457-21,,,,
017-1111-3459-21,,,,
017-1111-3464-21,,,,
017-1111-3465-21,,,,
017-1111-3466-21,,,,
017-1111-3467-21,,,,
017-1111-3468-21,,,,
017-1111-3469-21,,,,
017-1111-3470-21,,,,
017-1111-3474-21,,,,
017-1111-3475-21,,,,
017-1111-3476-21,,,,
017-1111-3477-21,,,,
017-1111-3478-21,,,,
017-1112-0778-21,,,,
017-1112-1320-21,,,,
017-1112-1762-21,,,,
017-1112-1869-21,,,,
017-1112-1926-21,,,,
017-1112-2053-21,,,,
017-1112-2631-21,,,,
017-1112-2705-21,,,,
017-1112-3202-21,,,,
017-1112-3268-21,,,,
017-1114-0956-21,,,,
017-1114-1062-21,,,,
017-1114-1241-21,,,,
017-1114-1420-21,,,,
017-1114-1947-21,,,,
017-1114-2230-21,,,,
017-1114-2316-21,,,,
017-1114-2329-21,,,,
017-1114-2613-21,,,,
017-1114-3312-21,,,,
017-1114-3384-21,,,,
017-1115-1017-21,,,,
017-1115-1254-21,,,,
017-1115-1691-21,,,,
017-1115-1760-21,,,,
017-1115-1894-21,,,,
017-1115-1939-21,,,,
017-1115-2127-21,,,,
017-1115-2178-21,,,,
017-1115-2319-21,,,,
017-1115-3210-21,,,,
017-1115-3341-21,,,,
017-1121-2777-21,,,,
017-1141-1608-21,,,,
017-1141-1994-21,,,,
017-2111-2307-21,,,,
017-1111-3720-21,,,,
017-1111-3721-21,,,,
017-1111-3722-21,,,,
017-1111-3723-21,,,,
017-1111-3724-21,,,,
017-1111-3725-21,,,,
017-1111-3729-21,,,,
017-1111-3731-21,,,,
017-1111-3732-21,,,,
017-1111-3734-21,,,,
017-1111-3735-21,,,,
017-1111-3737-21,,,,
017-1111-3739-21,,,,
017-1111-3740-21,,,,
017-1111-3741-21,,,,
017-1111-3743-21,,,,
017-1111-3744-21,,,,
017-1111-3745-21,,,,
017-1111-3746-21,,,,
017-1111-3747-21,,,,
017-1111-3749-21,,,,
017-1111-3750-21,,,,
017-1111-3751-21,,,,
017-1111-3752-21,,,,
017-1111-3753-21,,,,
017-1111-3755-21,,,,
017-1111-3756-21,,,,
017-1111-3757-21,,,,
017-1111-3758-21,,,,
017-1111-3759-21,,,,
017-1111-3761-21,,,,
017-1111-3762-21,,,,
017-1111-3763-21,,,,
017-1111-3764-21,,,,
017-1111-3765-21,,,,
017-1111-3766-21,,,,
017-1111-3768-21,,,,
017-1111-3769-21,,,,
017-1111-3770-21,,,,
017-1111-3771-21,,,,
017-1111-3772-21,,,,
017-1111-3773-21,,,,
017-1111-3774-21,,,,
017-1111-3779-21,,,,
017-1111-3780-21,,,,
017-1111-3781-21,,,,
017-1111-3782-21,,,,
017-1111-3783-21,,,,
017-1111-3788-21,,,,
017-1111-3790-21,,,,
017-1111-3791-21,,,,
017-1111-3793-21,,,,
017-1111-3801-21,,,,
017-1111-3804-21,,,,
017-1111-3806-21,,,,
017-1111-3808-21,,,,
017-1111-3810-21,,,,
017-1111-3811-21,,,,
017-1111-3812-21,,,,
017-1114-3803-21,,,,
017-1115-3809-21,,,,
017-1111-0478-19,,,,
224-1111-1109-19,,,,
563-1111-0234-20,,,,
017-1111-3829-21,,,,
017-1111-3830-21,,,,
017-1111-3832-21,,,,
017-1111-3836-21,,,,
017-1111-3837-21,,,,
017-1111-3844-21,,,,
017-1111-3846-21,,,,
017-1111-3849-21,,,,
017-1111-3850-21,,,,
017-1111-3852-21,,,,
017-1111-3853-21,,,,
017-1111-3854-21,,,,
017-1111-3859-21,,,,
017-1111-3861-21,,,,
